URL,Sitemap,Page Type,Tier,Service,City,Verdict,Redirect Target,Reason
https://newarkqualityroofing.com,core,Homepage,Core,,,KEEP-INDEX,,Master entity hub
https://newarkqualityroofing.com/about,core,About,Core,,,KEEP-INDEX,,"Trust page — add NJ HIC number, fix testimonials, rewrite H-tags into questions"
https://newarkqualityroofing.com/contact,core,Contact,Core,,,KEEP-INDEX,,Conversion page — fix placeholder address + map embed; reconcile to one phone
https://newarkqualityroofing.com/services,core,Services hub,Core,,,KEEP-INDEX,,Parent hub for 65 service pages — currently not surfaced in main nav body; add filterable view
https://newarkqualityroofing.com/locations,core,Locations hub,Core,,,KEEP-INDEX,,Parent hub for 21 city pages — add Essex County overview content
https://newarkqualityroofing.com/sitemap,core,HTML sitemap,Core,,,KEEP-INDEX,,Crawlable HTML sitemap — keep
https://newarkqualityroofing.com/terms-of-service,core,Terms,Core,,,KEEP-INDEX,,Legal page
https://newarkqualityroofing.com/resources,core,Resources,Core,,,REVIEW,,Not crawled — confirm what this is; may want to fold into /roofing-knowledge-base/
https://newarkqualityroofing.com/roof-repair,services,Service hub,A,roof-repair,,KEEP-INDEX,,"Core service hub — Tier A; rewrite H-tags into questions, delete internal-SEO block"
https://newarkqualityroofing.com/roof-replacement,services,Service hub,A,roof-replacement,,KEEP-INDEX,,"Core service hub — Tier A; rewrite H-tags into questions, delete internal-SEO block"
https://newarkqualityroofing.com/emergency-roof-repair,services,Service hub,A,emergency-roof-repair,,KEEP-INDEX,,"Core service hub — Tier A; rewrite H-tags into questions, delete internal-SEO block"
https://newarkqualityroofing.com/roof-inspection,services,Service hub,A,roof-inspection,,KEEP-INDEX,,"Core service hub — Tier A; rewrite H-tags into questions, delete internal-SEO block"
https://newarkqualityroofing.com/roof-maintenance-programs,services,Service hub,B,roof-maintenance-programs,,KEEP-INDEX,,"Important service hub — Tier B; rewrite H-tags, delete internal-SEO block"
https://newarkqualityroofing.com/roof-leak-repair,services,Service hub,B,roof-leak-repair,,KEEP-INDEX,,"Important service hub — Tier B; rewrite H-tags, delete internal-SEO block"
https://newarkqualityroofing.com/storm-damage-roof-repair,services,Service hub,A,storm-damage-roof-repair,,KEEP-INDEX,,"Core service hub — Tier A; rewrite H-tags into questions, delete internal-SEO block"
https://newarkqualityroofing.com/hail-damage-roof-repair,services,Service hub,B,hail-damage-roof-repair,,KEEP-INDEX,,"Important service hub — Tier B; rewrite H-tags, delete internal-SEO block"
https://newarkqualityroofing.com/wind-damage-roof-repair,services,Service hub,B,wind-damage-roof-repair,,KEEP-INDEX,,"Important service hub — Tier B; rewrite H-tags, delete internal-SEO block"
https://newarkqualityroofing.com/roof-cleaning-moss-removal,services,Service hub,D,roof-cleaning-moss-removal,,KEEP-INDEX (review),,"Niche service hub — keep as canonical service page; if no demand confirmed in GSC, consider noindex"
https://newarkqualityroofing.com/residential-roof-installation,services,Service hub,B,residential-roof-installation,,KEEP-INDEX,,"Important service hub — Tier B; rewrite H-tags, delete internal-SEO block"
https://newarkqualityroofing.com/asphalt-shingle-roofing,services,Service hub,B,asphalt-shingle-roofing,,KEEP-INDEX,,"Important service hub — Tier B; rewrite H-tags, delete internal-SEO block"
https://newarkqualityroofing.com/slate-roof-installation-repair,services,Service hub,C,slate-roof-installation-repair,,KEEP-INDEX,,Material-specific service hub — keep as canonical service page; rewrite H-tags
https://newarkqualityroofing.com/wood-shake-roofing,services,Service hub,C,wood-shake-roofing,,KEEP-INDEX,,Material-specific service hub — keep as canonical service page; rewrite H-tags
https://newarkqualityroofing.com/metal-roof-installation-repair,services,Service hub,C,metal-roof-installation-repair,,KEEP-INDEX,,Material-specific service hub — keep as canonical service page; rewrite H-tags
https://newarkqualityroofing.com/flat-roof-installation-repair,services,Service hub,B,flat-roof-installation-repair,,KEEP-INDEX,,"Important service hub — Tier B; rewrite H-tags, delete internal-SEO block"
https://newarkqualityroofing.com/tile-roof-installation-repair,services,Service hub,C,tile-roof-installation-repair,,KEEP-INDEX,,Material-specific service hub — keep as canonical service page; rewrite H-tags
https://newarkqualityroofing.com/cedar-shake-roofing,services,Service hub,C,cedar-shake-roofing,,KEEP-INDEX,,Material-specific service hub — keep as canonical service page; rewrite H-tags
https://newarkqualityroofing.com/rubber-roofing-epdm,services,Service hub,C,rubber-roofing-epdm,,KEEP-INDEX,,Material-specific service hub — keep as canonical service page; rewrite H-tags
https://newarkqualityroofing.com/tpo-roofing-installation,services,Service hub,B,tpo-roofing-installation,,KEEP-INDEX,,"Important service hub — Tier B; rewrite H-tags, delete internal-SEO block"
https://newarkqualityroofing.com/epdm-commercial-roofing,services,Service hub,B,epdm-commercial-roofing,,KEEP-INDEX,,"Important service hub — Tier B; rewrite H-tags, delete internal-SEO block"
https://newarkqualityroofing.com/modified-bitumen-roofing,services,Service hub,C,modified-bitumen-roofing,,KEEP-INDEX,,Material-specific service hub — keep as canonical service page; rewrite H-tags
https://newarkqualityroofing.com/built-up-roofing,services,Service hub,D,built-up-roofing,,KEEP-INDEX (review),,"Niche service hub — keep as canonical service page; if no demand confirmed in GSC, consider noindex"
https://newarkqualityroofing.com/commercial-metal-roofing,services,Service hub,C,commercial-metal-roofing,,KEEP-INDEX,,Material-specific service hub — keep as canonical service page; rewrite H-tags
https://newarkqualityroofing.com/pvc-roofing,services,Service hub,C,pvc-roofing,,KEEP-INDEX,,Material-specific service hub — keep as canonical service page; rewrite H-tags
https://newarkqualityroofing.com/green-roof-installation,services,Service hub,D,green-roof-installation,,KEEP-INDEX (review),,"Niche service hub — keep as canonical service page; if no demand confirmed in GSC, consider noindex"
https://newarkqualityroofing.com/spray-foam-roofing,services,Service hub,D,spray-foam-roofing,,KEEP-INDEX (review),,"Niche service hub — keep as canonical service page; if no demand confirmed in GSC, consider noindex"
https://newarkqualityroofing.com/roof-flashing-installation-repair,services,Service hub,D,roof-flashing-installation-repair,,KEEP-INDEX (review),,"Niche service hub — keep as canonical service page; if no demand confirmed in GSC, consider noindex"
https://newarkqualityroofing.com/chimney-flashing-repair,services,Service hub,B,chimney-flashing-repair,,KEEP-INDEX,,"Important service hub — Tier B; rewrite H-tags, delete internal-SEO block"
https://newarkqualityroofing.com/gutter-installation-repair,services,Service hub,B,gutter-installation-repair,,KEEP-INDEX,,"Important service hub — Tier B; rewrite H-tags, delete internal-SEO block"
https://newarkqualityroofing.com/gutter-guard-installation,services,Service hub,D,gutter-guard-installation,,KEEP-INDEX (review),,"Niche service hub — keep as canonical service page; if no demand confirmed in GSC, consider noindex"
https://newarkqualityroofing.com/skylight-installation-repair,services,Service hub,D,skylight-installation-repair,,KEEP-INDEX (review),,"Niche service hub — keep as canonical service page; if no demand confirmed in GSC, consider noindex"
https://newarkqualityroofing.com/fascia-installation-repair,services,Service hub,D,fascia-installation-repair,,KEEP-INDEX (review),,"Niche service hub — keep as canonical service page; if no demand confirmed in GSC, consider noindex"
https://newarkqualityroofing.com/soffit-installation-repair,services,Service hub,D,soffit-installation-repair,,KEEP-INDEX (review),,"Niche service hub — keep as canonical service page; if no demand confirmed in GSC, consider noindex"
https://newarkqualityroofing.com/roof-vent-installation-repair,services,Service hub,D,roof-vent-installation-repair,,KEEP-INDEX (review),,"Niche service hub — keep as canonical service page; if no demand confirmed in GSC, consider noindex"
https://newarkqualityroofing.com/roof-waterproofing,services,Service hub,D,roof-waterproofing,,KEEP-INDEX (review),,"Niche service hub — keep as canonical service page; if no demand confirmed in GSC, consider noindex"
https://newarkqualityroofing.com/roof-deck-repair-replacement,services,Service hub,D,roof-deck-repair-replacement,,KEEP-INDEX (review),,"Niche service hub — keep as canonical service page; if no demand confirmed in GSC, consider noindex"
https://newarkqualityroofing.com/solar-panel-roofing-installation,services,Service hub,D,solar-panel-roofing-installation,,KEEP-INDEX (review),,"Niche service hub — keep as canonical service page; if no demand confirmed in GSC, consider noindex"
https://newarkqualityroofing.com/solar-shingle-installation,services,Service hub,D,solar-shingle-installation,,KEEP-INDEX (review),,"Niche service hub — keep as canonical service page; if no demand confirmed in GSC, consider noindex"
https://newarkqualityroofing.com/energy-efficient-roofing-solutions,services,Service hub,D,energy-efficient-roofing-solutions,,KEEP-INDEX (review),,"Niche service hub — keep as canonical service page; if no demand confirmed in GSC, consider noindex"
https://newarkqualityroofing.com/silicone-roof-coating,services,Service hub,D,silicone-roof-coating,,KEEP-INDEX (review),,"Niche service hub — keep as canonical service page; if no demand confirmed in GSC, consider noindex"
https://newarkqualityroofing.com/silicone-elastomeric-roof-coating,services,Service hub,D,silicone-elastomeric-roof-coating,,KEEP-INDEX (review),,"Niche service hub — keep as canonical service page; if no demand confirmed in GSC, consider noindex"
https://newarkqualityroofing.com/commercial-roof-installation,services,Service hub,B,commercial-roof-installation,,KEEP-INDEX,,"Important service hub — Tier B; rewrite H-tags, delete internal-SEO block"
https://newarkqualityroofing.com/commercial-roof-repair,services,Service hub,B,commercial-roof-repair,,KEEP-INDEX,,"Important service hub — Tier B; rewrite H-tags, delete internal-SEO block"
https://newarkqualityroofing.com/commercial-roof-replacement,services,Service hub,B,commercial-roof-replacement,,KEEP-INDEX,,"Important service hub — Tier B; rewrite H-tags, delete internal-SEO block"
https://newarkqualityroofing.com/roof-thermal-imaging-inspections,services,Service hub,D,roof-thermal-imaging-inspections,,KEEP-INDEX (review),,"Niche service hub — keep as canonical service page; if no demand confirmed in GSC, consider noindex"
https://newarkqualityroofing.com/infrared-roof-leak-detection,services,Service hub,D,infrared-roof-leak-detection,,KEEP-INDEX (review),,"Niche service hub — keep as canonical service page; if no demand confirmed in GSC, consider noindex"
https://newarkqualityroofing.com/custom-roof-design-consultation,services,Service hub,D,custom-roof-design-consultation,,KEEP-INDEX (review),,"Niche service hub — keep as canonical service page; if no demand confirmed in GSC, consider noindex"
https://newarkqualityroofing.com/historic-roof-restoration,services,Service hub,D,historic-roof-restoration,,KEEP-INDEX (review),,"Niche service hub — keep as canonical service page; if no demand confirmed in GSC, consider noindex"
https://newarkqualityroofing.com/roof-ice-dam-prevention,services,Service hub,D,roof-ice-dam-prevention,,KEEP-INDEX (review),,"Niche service hub — keep as canonical service page; if no demand confirmed in GSC, consider noindex"
https://newarkqualityroofing.com/full-roof-tear-off,services,Service hub,E,full-roof-tear-off,,CONSOLIDATE,/roof-replacement,Replacement-cause variant hub — consider 301 to /roof-replacement and convert to H2 section there
https://newarkqualityroofing.com/roof-overlay-installation,services,Service hub,E,roof-overlay-installation,,CONSOLIDATE,/roof-replacement,Replacement-cause variant hub — consider 301 to /roof-replacement and convert to H2 section there
https://newarkqualityroofing.com/re-roofing,services,Service hub,E,re-roofing,,CONSOLIDATE,/roof-replacement,Replacement-cause variant hub — consider 301 to /roof-replacement and convert to H2 section there
https://newarkqualityroofing.com/insurance-roof-replacement,services,Service hub,E,insurance-roof-replacement,,CONSOLIDATE,/roof-replacement,Replacement-cause variant hub — consider 301 to /roof-replacement and convert to H2 section there
https://newarkqualityroofing.com/storm-damage-roof-replacement,services,Service hub,E,storm-damage-roof-replacement,,CONSOLIDATE,/roof-replacement,Replacement-cause variant hub — consider 301 to /roof-replacement and convert to H2 section there
https://newarkqualityroofing.com/aging-roof-replacement,services,Service hub,E,aging-roof-replacement,,CONSOLIDATE,/roof-replacement,Replacement-cause variant hub — consider 301 to /roof-replacement and convert to H2 section there
https://newarkqualityroofing.com/roof-replacement-after-leak,services,Service hub,E,roof-replacement-after-leak,,CONSOLIDATE,/roof-replacement,Replacement-cause variant hub — consider 301 to /roof-replacement and convert to H2 section there
https://newarkqualityroofing.com/fire-damage-roof-replacement,services,Service hub,E,fire-damage-roof-replacement,,CONSOLIDATE,/roof-replacement,Replacement-cause variant hub — consider 301 to /roof-replacement and convert to H2 section there
https://newarkqualityroofing.com/roof-replacement-cost,services,Service hub,B,roof-replacement-cost,,KEEP-INDEX,,"Important service hub — Tier B; rewrite H-tags, delete internal-SEO block"
https://newarkqualityroofing.com/asphalt-shingle-roof-replacement,services,Service hub,C,asphalt-shingle-roof-replacement,,KEEP-INDEX,,Material-specific service hub — keep as canonical service page; rewrite H-tags
https://newarkqualityroofing.com/metal-roof-replacement,services,Service hub,C,metal-roof-replacement,,KEEP-INDEX,,Material-specific service hub — keep as canonical service page; rewrite H-tags
https://newarkqualityroofing.com/slate-roof-replacement,services,Service hub,C,slate-roof-replacement,,KEEP-INDEX,,Material-specific service hub — keep as canonical service page; rewrite H-tags
https://newarkqualityroofing.com/tile-roof-replacement,services,Service hub,C,tile-roof-replacement,,KEEP-INDEX,,Material-specific service hub — keep as canonical service page; rewrite H-tags
https://newarkqualityroofing.com/flat-roof-replacement,services,Service hub,C,flat-roof-replacement,,KEEP-INDEX,,Material-specific service hub — keep as canonical service page; rewrite H-tags
https://newarkqualityroofing.com/cedar-shake-roof-replacement,services,Service hub,C,cedar-shake-roof-replacement,,KEEP-INDEX,,Material-specific service hub — keep as canonical service page; rewrite H-tags
https://newarkqualityroofing.com/roofing-in-newark-nj,cities,Location hub,City,roofing,newark,KEEP-INDEX,,"Location hub — keep; rewrite H-tags into questions, delete internal-SEO block, add real local NAP and projects"
https://newarkqualityroofing.com/roofing-in-east-orange-nj,cities,Location hub,City,roofing,east-orange,KEEP-INDEX,,"Location hub — keep; rewrite H-tags into questions, delete internal-SEO block, add real local NAP and projects"
https://newarkqualityroofing.com/roofing-in-orange-nj,cities,Location hub,City,roofing,orange,KEEP-INDEX,,"Location hub — keep; rewrite H-tags into questions, delete internal-SEO block, add real local NAP and projects"
https://newarkqualityroofing.com/roofing-in-west-orange-nj,cities,Location hub,City,roofing,west-orange,KEEP-INDEX,,"Location hub — keep; rewrite H-tags into questions, delete internal-SEO block, add real local NAP and projects"
https://newarkqualityroofing.com/roofing-in-montclair-nj,cities,Location hub,City,roofing,montclair,KEEP-INDEX,,"Location hub — keep; rewrite H-tags into questions, delete internal-SEO block, add real local NAP and projects"
https://newarkqualityroofing.com/roofing-in-bloomfield-nj,cities,Location hub,City,roofing,bloomfield,KEEP-INDEX,,"Location hub — keep; rewrite H-tags into questions, delete internal-SEO block, add real local NAP and projects"
https://newarkqualityroofing.com/roofing-in-belleville-nj,cities,Location hub,City,roofing,belleville,KEEP-INDEX,,"Location hub — keep; rewrite H-tags into questions, delete internal-SEO block, add real local NAP and projects"
https://newarkqualityroofing.com/roofing-in-nutley-nj,cities,Location hub,City,roofing,nutley,KEEP-INDEX,,"Location hub — keep; rewrite H-tags into questions, delete internal-SEO block, add real local NAP and projects"
https://newarkqualityroofing.com/roofing-in-irvington-nj,cities,Location hub,City,roofing,irvington,KEEP-INDEX,,"Location hub — keep; rewrite H-tags into questions, delete internal-SEO block, add real local NAP and projects"
https://newarkqualityroofing.com/roofing-in-maplewood-nj,cities,Location hub,City,roofing,maplewood,KEEP-INDEX,,"Location hub — keep; rewrite H-tags into questions, delete internal-SEO block, add real local NAP and projects"
https://newarkqualityroofing.com/roofing-in-south-orange-nj,cities,Location hub,City,roofing,south-orange,KEEP-INDEX,,"Location hub — keep; rewrite H-tags into questions, delete internal-SEO block, add real local NAP and projects"
https://newarkqualityroofing.com/roofing-in-livingston-nj,cities,Location hub,City,roofing,livingston,KEEP-INDEX,,"Location hub — keep; rewrite H-tags into questions, delete internal-SEO block, add real local NAP and projects"
https://newarkqualityroofing.com/roofing-in-millburn-nj,cities,Location hub,City,roofing,millburn,KEEP-INDEX,,"Location hub — keep; rewrite H-tags into questions, delete internal-SEO block, add real local NAP and projects"
https://newarkqualityroofing.com/roofing-in-cedar-grove-nj,cities,Location hub,City,roofing,cedar-grove,KEEP-INDEX,,"Location hub — keep; rewrite H-tags into questions, delete internal-SEO block, add real local NAP and projects"
https://newarkqualityroofing.com/roofing-in-verona-nj,cities,Location hub,City,roofing,verona,KEEP-INDEX,,"Location hub — keep; rewrite H-tags into questions, delete internal-SEO block, add real local NAP and projects"
https://newarkqualityroofing.com/roofing-in-glen-ridge-nj,cities,Location hub,City,roofing,glen-ridge,KEEP-INDEX,,"Location hub — keep; rewrite H-tags into questions, delete internal-SEO block, add real local NAP and projects"
https://newarkqualityroofing.com/roofing-in-caldwell-nj,cities,Location hub,City,roofing,caldwell,KEEP-INDEX,,"Location hub — keep; rewrite H-tags into questions, delete internal-SEO block, add real local NAP and projects"
https://newarkqualityroofing.com/roofing-in-essex-fells-nj,cities,Location hub,City,roofing,essex-fells,KEEP-INDEX,,"Location hub — keep; rewrite H-tags into questions, delete internal-SEO block, add real local NAP and projects"
https://newarkqualityroofing.com/roofing-in-fairfield-nj,cities,Location hub,City,roofing,fairfield,KEEP-INDEX,,"Location hub — keep; rewrite H-tags into questions, delete internal-SEO block, add real local NAP and projects"
https://newarkqualityroofing.com/roofing-in-north-caldwell-nj,cities,Location hub,City,roofing,north-caldwell,KEEP-INDEX,,"Location hub — keep; rewrite H-tags into questions, delete internal-SEO block, add real local NAP and projects"
https://newarkqualityroofing.com/roofing-in-roseland-nj,cities,Location hub,City,roofing,roseland,KEEP-INDEX,,"Location hub — keep; rewrite H-tags into questions, delete internal-SEO block, add real local NAP and projects"
https://newarkqualityroofing.com/roof-repair-newark-nj,combos,Service+City combo,A,roof-repair,newark,KEEP-INDEX,,Core service with real demand and authorable local content in every Essex County city
https://newarkqualityroofing.com/roof-repair-east-orange-nj,combos,Service+City combo,A,roof-repair,east-orange,KEEP-INDEX,,Core service with real demand and authorable local content in every Essex County city
https://newarkqualityroofing.com/roof-repair-orange-nj,combos,Service+City combo,A,roof-repair,orange,KEEP-INDEX,,Core service with real demand and authorable local content in every Essex County city
https://newarkqualityroofing.com/roof-repair-west-orange-nj,combos,Service+City combo,A,roof-repair,west-orange,KEEP-INDEX,,Core service with real demand and authorable local content in every Essex County city
https://newarkqualityroofing.com/roof-repair-montclair-nj,combos,Service+City combo,A,roof-repair,montclair,KEEP-INDEX,,Core service with real demand and authorable local content in every Essex County city
https://newarkqualityroofing.com/roof-repair-bloomfield-nj,combos,Service+City combo,A,roof-repair,bloomfield,KEEP-INDEX,,Core service with real demand and authorable local content in every Essex County city
https://newarkqualityroofing.com/roof-repair-belleville-nj,combos,Service+City combo,A,roof-repair,belleville,KEEP-INDEX,,Core service with real demand and authorable local content in every Essex County city
https://newarkqualityroofing.com/roof-repair-nutley-nj,combos,Service+City combo,A,roof-repair,nutley,KEEP-INDEX,,Core service with real demand and authorable local content in every Essex County city
https://newarkqualityroofing.com/roof-repair-irvington-nj,combos,Service+City combo,A,roof-repair,irvington,KEEP-INDEX,,Core service with real demand and authorable local content in every Essex County city
https://newarkqualityroofing.com/roof-repair-maplewood-nj,combos,Service+City combo,A,roof-repair,maplewood,KEEP-INDEX,,Core service with real demand and authorable local content in every Essex County city
https://newarkqualityroofing.com/roof-repair-south-orange-nj,combos,Service+City combo,A,roof-repair,south-orange,KEEP-INDEX,,Core service with real demand and authorable local content in every Essex County city
https://newarkqualityroofing.com/roof-repair-livingston-nj,combos,Service+City combo,A,roof-repair,livingston,KEEP-INDEX,,Core service with real demand and authorable local content in every Essex County city
https://newarkqualityroofing.com/roof-repair-millburn-nj,combos,Service+City combo,A,roof-repair,millburn,KEEP-INDEX,,Core service with real demand and authorable local content in every Essex County city
https://newarkqualityroofing.com/roof-repair-cedar-grove-nj,combos,Service+City combo,A,roof-repair,cedar-grove,KEEP-INDEX,,Core service with real demand and authorable local content in every Essex County city
https://newarkqualityroofing.com/roof-repair-verona-nj,combos,Service+City combo,A,roof-repair,verona,KEEP-INDEX,,Core service with real demand and authorable local content in every Essex County city
https://newarkqualityroofing.com/roof-repair-glen-ridge-nj,combos,Service+City combo,A,roof-repair,glen-ridge,KEEP-INDEX,,Core service with real demand and authorable local content in every Essex County city
https://newarkqualityroofing.com/roof-repair-caldwell-nj,combos,Service+City combo,A,roof-repair,caldwell,KEEP-INDEX,,Core service with real demand and authorable local content in every Essex County city
https://newarkqualityroofing.com/roof-repair-essex-fells-nj,combos,Service+City combo,A,roof-repair,essex-fells,KEEP-INDEX,,Core service with real demand and authorable local content in every Essex County city
https://newarkqualityroofing.com/roof-repair-fairfield-nj,combos,Service+City combo,A,roof-repair,fairfield,KEEP-INDEX,,Core service with real demand and authorable local content in every Essex County city
https://newarkqualityroofing.com/roof-repair-north-caldwell-nj,combos,Service+City combo,A,roof-repair,north-caldwell,KEEP-INDEX,,Core service with real demand and authorable local content in every Essex County city
https://newarkqualityroofing.com/roof-repair-roseland-nj,combos,Service+City combo,A,roof-repair,roseland,KEEP-INDEX,,Core service with real demand and authorable local content in every Essex County city
https://newarkqualityroofing.com/roof-replacement-newark-nj,combos,Service+City combo,A,roof-replacement,newark,KEEP-INDEX,,Core service with real demand and authorable local content in every Essex County city
https://newarkqualityroofing.com/roof-replacement-east-orange-nj,combos,Service+City combo,A,roof-replacement,east-orange,KEEP-INDEX,,Core service with real demand and authorable local content in every Essex County city
https://newarkqualityroofing.com/roof-replacement-orange-nj,combos,Service+City combo,A,roof-replacement,orange,KEEP-INDEX,,Core service with real demand and authorable local content in every Essex County city
https://newarkqualityroofing.com/roof-replacement-west-orange-nj,combos,Service+City combo,A,roof-replacement,west-orange,KEEP-INDEX,,Core service with real demand and authorable local content in every Essex County city
https://newarkqualityroofing.com/roof-replacement-montclair-nj,combos,Service+City combo,A,roof-replacement,montclair,KEEP-INDEX,,Core service with real demand and authorable local content in every Essex County city
https://newarkqualityroofing.com/roof-replacement-bloomfield-nj,combos,Service+City combo,A,roof-replacement,bloomfield,KEEP-INDEX,,Core service with real demand and authorable local content in every Essex County city
https://newarkqualityroofing.com/roof-replacement-belleville-nj,combos,Service+City combo,A,roof-replacement,belleville,KEEP-INDEX,,Core service with real demand and authorable local content in every Essex County city
https://newarkqualityroofing.com/roof-replacement-nutley-nj,combos,Service+City combo,A,roof-replacement,nutley,KEEP-INDEX,,Core service with real demand and authorable local content in every Essex County city
https://newarkqualityroofing.com/roof-replacement-irvington-nj,combos,Service+City combo,A,roof-replacement,irvington,KEEP-INDEX,,Core service with real demand and authorable local content in every Essex County city
https://newarkqualityroofing.com/roof-replacement-maplewood-nj,combos,Service+City combo,A,roof-replacement,maplewood,KEEP-INDEX,,Core service with real demand and authorable local content in every Essex County city
https://newarkqualityroofing.com/roof-replacement-south-orange-nj,combos,Service+City combo,A,roof-replacement,south-orange,KEEP-INDEX,,Core service with real demand and authorable local content in every Essex County city
https://newarkqualityroofing.com/roof-replacement-livingston-nj,combos,Service+City combo,A,roof-replacement,livingston,KEEP-INDEX,,Core service with real demand and authorable local content in every Essex County city
https://newarkqualityroofing.com/roof-replacement-millburn-nj,combos,Service+City combo,A,roof-replacement,millburn,KEEP-INDEX,,Core service with real demand and authorable local content in every Essex County city
https://newarkqualityroofing.com/roof-replacement-cedar-grove-nj,combos,Service+City combo,A,roof-replacement,cedar-grove,KEEP-INDEX,,Core service with real demand and authorable local content in every Essex County city
https://newarkqualityroofing.com/roof-replacement-verona-nj,combos,Service+City combo,A,roof-replacement,verona,KEEP-INDEX,,Core service with real demand and authorable local content in every Essex County city
https://newarkqualityroofing.com/roof-replacement-glen-ridge-nj,combos,Service+City combo,A,roof-replacement,glen-ridge,KEEP-INDEX,,Core service with real demand and authorable local content in every Essex County city
https://newarkqualityroofing.com/roof-replacement-caldwell-nj,combos,Service+City combo,A,roof-replacement,caldwell,KEEP-INDEX,,Core service with real demand and authorable local content in every Essex County city
https://newarkqualityroofing.com/roof-replacement-essex-fells-nj,combos,Service+City combo,A,roof-replacement,essex-fells,KEEP-INDEX,,Core service with real demand and authorable local content in every Essex County city
https://newarkqualityroofing.com/roof-replacement-fairfield-nj,combos,Service+City combo,A,roof-replacement,fairfield,KEEP-INDEX,,Core service with real demand and authorable local content in every Essex County city
https://newarkqualityroofing.com/roof-replacement-north-caldwell-nj,combos,Service+City combo,A,roof-replacement,north-caldwell,KEEP-INDEX,,Core service with real demand and authorable local content in every Essex County city
https://newarkqualityroofing.com/roof-replacement-roseland-nj,combos,Service+City combo,A,roof-replacement,roseland,KEEP-INDEX,,Core service with real demand and authorable local content in every Essex County city
https://newarkqualityroofing.com/emergency-roof-repair-newark-nj,combos,Service+City combo,A,emergency-roof-repair,newark,KEEP-INDEX,,Core service with real demand and authorable local content in every Essex County city
https://newarkqualityroofing.com/emergency-roof-repair-east-orange-nj,combos,Service+City combo,A,emergency-roof-repair,east-orange,KEEP-INDEX,,Core service with real demand and authorable local content in every Essex County city
https://newarkqualityroofing.com/emergency-roof-repair-orange-nj,combos,Service+City combo,A,emergency-roof-repair,orange,KEEP-INDEX,,Core service with real demand and authorable local content in every Essex County city
https://newarkqualityroofing.com/emergency-roof-repair-west-orange-nj,combos,Service+City combo,A,emergency-roof-repair,west-orange,KEEP-INDEX,,Core service with real demand and authorable local content in every Essex County city
https://newarkqualityroofing.com/emergency-roof-repair-montclair-nj,combos,Service+City combo,A,emergency-roof-repair,montclair,KEEP-INDEX,,Core service with real demand and authorable local content in every Essex County city
https://newarkqualityroofing.com/emergency-roof-repair-bloomfield-nj,combos,Service+City combo,A,emergency-roof-repair,bloomfield,KEEP-INDEX,,Core service with real demand and authorable local content in every Essex County city
https://newarkqualityroofing.com/emergency-roof-repair-belleville-nj,combos,Service+City combo,A,emergency-roof-repair,belleville,KEEP-INDEX,,Core service with real demand and authorable local content in every Essex County city
https://newarkqualityroofing.com/emergency-roof-repair-nutley-nj,combos,Service+City combo,A,emergency-roof-repair,nutley,KEEP-INDEX,,Core service with real demand and authorable local content in every Essex County city
https://newarkqualityroofing.com/emergency-roof-repair-irvington-nj,combos,Service+City combo,A,emergency-roof-repair,irvington,KEEP-INDEX,,Core service with real demand and authorable local content in every Essex County city
https://newarkqualityroofing.com/emergency-roof-repair-maplewood-nj,combos,Service+City combo,A,emergency-roof-repair,maplewood,KEEP-INDEX,,Core service with real demand and authorable local content in every Essex County city
https://newarkqualityroofing.com/emergency-roof-repair-south-orange-nj,combos,Service+City combo,A,emergency-roof-repair,south-orange,KEEP-INDEX,,Core service with real demand and authorable local content in every Essex County city
https://newarkqualityroofing.com/emergency-roof-repair-livingston-nj,combos,Service+City combo,A,emergency-roof-repair,livingston,KEEP-INDEX,,Core service with real demand and authorable local content in every Essex County city
https://newarkqualityroofing.com/emergency-roof-repair-millburn-nj,combos,Service+City combo,A,emergency-roof-repair,millburn,KEEP-INDEX,,Core service with real demand and authorable local content in every Essex County city
https://newarkqualityroofing.com/emergency-roof-repair-cedar-grove-nj,combos,Service+City combo,A,emergency-roof-repair,cedar-grove,KEEP-INDEX,,Core service with real demand and authorable local content in every Essex County city
https://newarkqualityroofing.com/emergency-roof-repair-verona-nj,combos,Service+City combo,A,emergency-roof-repair,verona,KEEP-INDEX,,Core service with real demand and authorable local content in every Essex County city
https://newarkqualityroofing.com/emergency-roof-repair-glen-ridge-nj,combos,Service+City combo,A,emergency-roof-repair,glen-ridge,KEEP-INDEX,,Core service with real demand and authorable local content in every Essex County city
https://newarkqualityroofing.com/emergency-roof-repair-caldwell-nj,combos,Service+City combo,A,emergency-roof-repair,caldwell,KEEP-INDEX,,Core service with real demand and authorable local content in every Essex County city
https://newarkqualityroofing.com/emergency-roof-repair-essex-fells-nj,combos,Service+City combo,A,emergency-roof-repair,essex-fells,KEEP-INDEX,,Core service with real demand and authorable local content in every Essex County city
https://newarkqualityroofing.com/emergency-roof-repair-fairfield-nj,combos,Service+City combo,A,emergency-roof-repair,fairfield,KEEP-INDEX,,Core service with real demand and authorable local content in every Essex County city
https://newarkqualityroofing.com/emergency-roof-repair-north-caldwell-nj,combos,Service+City combo,A,emergency-roof-repair,north-caldwell,KEEP-INDEX,,Core service with real demand and authorable local content in every Essex County city
https://newarkqualityroofing.com/emergency-roof-repair-roseland-nj,combos,Service+City combo,A,emergency-roof-repair,roseland,KEEP-INDEX,,Core service with real demand and authorable local content in every Essex County city
https://newarkqualityroofing.com/roof-inspection-newark-nj,combos,Service+City combo,A,roof-inspection,newark,KEEP-INDEX,,Core service with real demand and authorable local content in every Essex County city
https://newarkqualityroofing.com/roof-inspection-east-orange-nj,combos,Service+City combo,A,roof-inspection,east-orange,KEEP-INDEX,,Core service with real demand and authorable local content in every Essex County city
https://newarkqualityroofing.com/roof-inspection-orange-nj,combos,Service+City combo,A,roof-inspection,orange,KEEP-INDEX,,Core service with real demand and authorable local content in every Essex County city
https://newarkqualityroofing.com/roof-inspection-west-orange-nj,combos,Service+City combo,A,roof-inspection,west-orange,KEEP-INDEX,,Core service with real demand and authorable local content in every Essex County city
https://newarkqualityroofing.com/roof-inspection-montclair-nj,combos,Service+City combo,A,roof-inspection,montclair,KEEP-INDEX,,Core service with real demand and authorable local content in every Essex County city
https://newarkqualityroofing.com/roof-inspection-bloomfield-nj,combos,Service+City combo,A,roof-inspection,bloomfield,KEEP-INDEX,,Core service with real demand and authorable local content in every Essex County city
https://newarkqualityroofing.com/roof-inspection-belleville-nj,combos,Service+City combo,A,roof-inspection,belleville,KEEP-INDEX,,Core service with real demand and authorable local content in every Essex County city
https://newarkqualityroofing.com/roof-inspection-nutley-nj,combos,Service+City combo,A,roof-inspection,nutley,KEEP-INDEX,,Core service with real demand and authorable local content in every Essex County city
https://newarkqualityroofing.com/roof-inspection-irvington-nj,combos,Service+City combo,A,roof-inspection,irvington,KEEP-INDEX,,Core service with real demand and authorable local content in every Essex County city
https://newarkqualityroofing.com/roof-inspection-maplewood-nj,combos,Service+City combo,A,roof-inspection,maplewood,KEEP-INDEX,,Core service with real demand and authorable local content in every Essex County city
https://newarkqualityroofing.com/roof-inspection-south-orange-nj,combos,Service+City combo,A,roof-inspection,south-orange,KEEP-INDEX,,Core service with real demand and authorable local content in every Essex County city
https://newarkqualityroofing.com/roof-inspection-livingston-nj,combos,Service+City combo,A,roof-inspection,livingston,KEEP-INDEX,,Core service with real demand and authorable local content in every Essex County city
https://newarkqualityroofing.com/roof-inspection-millburn-nj,combos,Service+City combo,A,roof-inspection,millburn,KEEP-INDEX,,Core service with real demand and authorable local content in every Essex County city
https://newarkqualityroofing.com/roof-inspection-cedar-grove-nj,combos,Service+City combo,A,roof-inspection,cedar-grove,KEEP-INDEX,,Core service with real demand and authorable local content in every Essex County city
https://newarkqualityroofing.com/roof-inspection-verona-nj,combos,Service+City combo,A,roof-inspection,verona,KEEP-INDEX,,Core service with real demand and authorable local content in every Essex County city
https://newarkqualityroofing.com/roof-inspection-glen-ridge-nj,combos,Service+City combo,A,roof-inspection,glen-ridge,KEEP-INDEX,,Core service with real demand and authorable local content in every Essex County city
https://newarkqualityroofing.com/roof-inspection-caldwell-nj,combos,Service+City combo,A,roof-inspection,caldwell,KEEP-INDEX,,Core service with real demand and authorable local content in every Essex County city
https://newarkqualityroofing.com/roof-inspection-essex-fells-nj,combos,Service+City combo,A,roof-inspection,essex-fells,KEEP-INDEX,,Core service with real demand and authorable local content in every Essex County city
https://newarkqualityroofing.com/roof-inspection-fairfield-nj,combos,Service+City combo,A,roof-inspection,fairfield,KEEP-INDEX,,Core service with real demand and authorable local content in every Essex County city
https://newarkqualityroofing.com/roof-inspection-north-caldwell-nj,combos,Service+City combo,A,roof-inspection,north-caldwell,KEEP-INDEX,,Core service with real demand and authorable local content in every Essex County city
https://newarkqualityroofing.com/roof-inspection-roseland-nj,combos,Service+City combo,A,roof-inspection,roseland,KEEP-INDEX,,Core service with real demand and authorable local content in every Essex County city
https://newarkqualityroofing.com/roof-maintenance-programs-newark-nj,combos,Service+City combo,B,roof-maintenance-programs,newark,KEEP-INDEX,,Important service in a top-10 Essex County city — keep with rewritten local content
https://newarkqualityroofing.com/roof-maintenance-programs-east-orange-nj,combos,Service+City combo,B,roof-maintenance-programs,east-orange,KEEP-INDEX,,Important service in a top-10 Essex County city — keep with rewritten local content
https://newarkqualityroofing.com/roof-maintenance-programs-orange-nj,combos,Service+City combo,B,roof-maintenance-programs,orange,NOINDEX,,Important service but in a low-volume city — let the parent service hub rank
https://newarkqualityroofing.com/roof-maintenance-programs-west-orange-nj,combos,Service+City combo,B,roof-maintenance-programs,west-orange,KEEP-INDEX,,Important service in a top-10 Essex County city — keep with rewritten local content
https://newarkqualityroofing.com/roof-maintenance-programs-montclair-nj,combos,Service+City combo,B,roof-maintenance-programs,montclair,KEEP-INDEX,,Important service in a top-10 Essex County city — keep with rewritten local content
https://newarkqualityroofing.com/roof-maintenance-programs-bloomfield-nj,combos,Service+City combo,B,roof-maintenance-programs,bloomfield,KEEP-INDEX,,Important service in a top-10 Essex County city — keep with rewritten local content
https://newarkqualityroofing.com/roof-maintenance-programs-belleville-nj,combos,Service+City combo,B,roof-maintenance-programs,belleville,KEEP-INDEX,,Important service in a top-10 Essex County city — keep with rewritten local content
https://newarkqualityroofing.com/roof-maintenance-programs-nutley-nj,combos,Service+City combo,B,roof-maintenance-programs,nutley,KEEP-INDEX,,Important service in a top-10 Essex County city — keep with rewritten local content
https://newarkqualityroofing.com/roof-maintenance-programs-irvington-nj,combos,Service+City combo,B,roof-maintenance-programs,irvington,KEEP-INDEX,,Important service in a top-10 Essex County city — keep with rewritten local content
https://newarkqualityroofing.com/roof-maintenance-programs-maplewood-nj,combos,Service+City combo,B,roof-maintenance-programs,maplewood,KEEP-INDEX,,Important service in a top-10 Essex County city — keep with rewritten local content
https://newarkqualityroofing.com/roof-maintenance-programs-south-orange-nj,combos,Service+City combo,B,roof-maintenance-programs,south-orange,KEEP-INDEX,,Important service in a top-10 Essex County city — keep with rewritten local content
https://newarkqualityroofing.com/roof-maintenance-programs-livingston-nj,combos,Service+City combo,B,roof-maintenance-programs,livingston,NOINDEX,,Important service but in a low-volume city — let the parent service hub rank
https://newarkqualityroofing.com/roof-maintenance-programs-millburn-nj,combos,Service+City combo,B,roof-maintenance-programs,millburn,NOINDEX,,Important service but in a low-volume city — let the parent service hub rank
https://newarkqualityroofing.com/roof-maintenance-programs-cedar-grove-nj,combos,Service+City combo,B,roof-maintenance-programs,cedar-grove,NOINDEX,,Important service but in a low-volume city — let the parent service hub rank
https://newarkqualityroofing.com/roof-maintenance-programs-verona-nj,combos,Service+City combo,B,roof-maintenance-programs,verona,NOINDEX,,Important service but in a low-volume city — let the parent service hub rank
https://newarkqualityroofing.com/roof-maintenance-programs-glen-ridge-nj,combos,Service+City combo,B,roof-maintenance-programs,glen-ridge,NOINDEX,,Important service but in a low-volume city — let the parent service hub rank
https://newarkqualityroofing.com/roof-maintenance-programs-caldwell-nj,combos,Service+City combo,B,roof-maintenance-programs,caldwell,NOINDEX,,Important service but in a low-volume city — let the parent service hub rank
https://newarkqualityroofing.com/roof-maintenance-programs-essex-fells-nj,combos,Service+City combo,B,roof-maintenance-programs,essex-fells,NOINDEX,,Important service but in a low-volume city — let the parent service hub rank
https://newarkqualityroofing.com/roof-maintenance-programs-fairfield-nj,combos,Service+City combo,B,roof-maintenance-programs,fairfield,NOINDEX,,Important service but in a low-volume city — let the parent service hub rank
https://newarkqualityroofing.com/roof-maintenance-programs-north-caldwell-nj,combos,Service+City combo,B,roof-maintenance-programs,north-caldwell,NOINDEX,,Important service but in a low-volume city — let the parent service hub rank
https://newarkqualityroofing.com/roof-maintenance-programs-roseland-nj,combos,Service+City combo,B,roof-maintenance-programs,roseland,NOINDEX,,Important service but in a low-volume city — let the parent service hub rank
https://newarkqualityroofing.com/roof-leak-repair-newark-nj,combos,Service+City combo,B,roof-leak-repair,newark,KEEP-INDEX,,Important service in a top-10 Essex County city — keep with rewritten local content
https://newarkqualityroofing.com/roof-leak-repair-east-orange-nj,combos,Service+City combo,B,roof-leak-repair,east-orange,KEEP-INDEX,,Important service in a top-10 Essex County city — keep with rewritten local content
https://newarkqualityroofing.com/roof-leak-repair-orange-nj,combos,Service+City combo,B,roof-leak-repair,orange,NOINDEX,,Important service but in a low-volume city — let the parent service hub rank
https://newarkqualityroofing.com/roof-leak-repair-west-orange-nj,combos,Service+City combo,B,roof-leak-repair,west-orange,KEEP-INDEX,,Important service in a top-10 Essex County city — keep with rewritten local content
https://newarkqualityroofing.com/roof-leak-repair-montclair-nj,combos,Service+City combo,B,roof-leak-repair,montclair,KEEP-INDEX,,Important service in a top-10 Essex County city — keep with rewritten local content
https://newarkqualityroofing.com/roof-leak-repair-bloomfield-nj,combos,Service+City combo,B,roof-leak-repair,bloomfield,KEEP-INDEX,,Important service in a top-10 Essex County city — keep with rewritten local content
https://newarkqualityroofing.com/roof-leak-repair-belleville-nj,combos,Service+City combo,B,roof-leak-repair,belleville,KEEP-INDEX,,Important service in a top-10 Essex County city — keep with rewritten local content
https://newarkqualityroofing.com/roof-leak-repair-nutley-nj,combos,Service+City combo,B,roof-leak-repair,nutley,KEEP-INDEX,,Important service in a top-10 Essex County city — keep with rewritten local content
https://newarkqualityroofing.com/roof-leak-repair-irvington-nj,combos,Service+City combo,B,roof-leak-repair,irvington,KEEP-INDEX,,Important service in a top-10 Essex County city — keep with rewritten local content
https://newarkqualityroofing.com/roof-leak-repair-maplewood-nj,combos,Service+City combo,B,roof-leak-repair,maplewood,KEEP-INDEX,,Important service in a top-10 Essex County city — keep with rewritten local content
https://newarkqualityroofing.com/roof-leak-repair-south-orange-nj,combos,Service+City combo,B,roof-leak-repair,south-orange,KEEP-INDEX,,Important service in a top-10 Essex County city — keep with rewritten local content
https://newarkqualityroofing.com/roof-leak-repair-livingston-nj,combos,Service+City combo,B,roof-leak-repair,livingston,NOINDEX,,Important service but in a low-volume city — let the parent service hub rank
https://newarkqualityroofing.com/roof-leak-repair-millburn-nj,combos,Service+City combo,B,roof-leak-repair,millburn,NOINDEX,,Important service but in a low-volume city — let the parent service hub rank
https://newarkqualityroofing.com/roof-leak-repair-cedar-grove-nj,combos,Service+City combo,B,roof-leak-repair,cedar-grove,NOINDEX,,Important service but in a low-volume city — let the parent service hub rank
https://newarkqualityroofing.com/roof-leak-repair-verona-nj,combos,Service+City combo,B,roof-leak-repair,verona,NOINDEX,,Important service but in a low-volume city — let the parent service hub rank
https://newarkqualityroofing.com/roof-leak-repair-glen-ridge-nj,combos,Service+City combo,B,roof-leak-repair,glen-ridge,NOINDEX,,Important service but in a low-volume city — let the parent service hub rank
https://newarkqualityroofing.com/roof-leak-repair-caldwell-nj,combos,Service+City combo,B,roof-leak-repair,caldwell,NOINDEX,,Important service but in a low-volume city — let the parent service hub rank
https://newarkqualityroofing.com/roof-leak-repair-essex-fells-nj,combos,Service+City combo,B,roof-leak-repair,essex-fells,NOINDEX,,Important service but in a low-volume city — let the parent service hub rank
https://newarkqualityroofing.com/roof-leak-repair-fairfield-nj,combos,Service+City combo,B,roof-leak-repair,fairfield,NOINDEX,,Important service but in a low-volume city — let the parent service hub rank
https://newarkqualityroofing.com/roof-leak-repair-north-caldwell-nj,combos,Service+City combo,B,roof-leak-repair,north-caldwell,NOINDEX,,Important service but in a low-volume city — let the parent service hub rank
https://newarkqualityroofing.com/roof-leak-repair-roseland-nj,combos,Service+City combo,B,roof-leak-repair,roseland,NOINDEX,,Important service but in a low-volume city — let the parent service hub rank
https://newarkqualityroofing.com/storm-damage-roof-repair-newark-nj,combos,Service+City combo,A,storm-damage-roof-repair,newark,KEEP-INDEX,,Core service with real demand and authorable local content in every Essex County city
https://newarkqualityroofing.com/storm-damage-roof-repair-east-orange-nj,combos,Service+City combo,A,storm-damage-roof-repair,east-orange,KEEP-INDEX,,Core service with real demand and authorable local content in every Essex County city
https://newarkqualityroofing.com/storm-damage-roof-repair-orange-nj,combos,Service+City combo,A,storm-damage-roof-repair,orange,KEEP-INDEX,,Core service with real demand and authorable local content in every Essex County city
https://newarkqualityroofing.com/storm-damage-roof-repair-west-orange-nj,combos,Service+City combo,A,storm-damage-roof-repair,west-orange,KEEP-INDEX,,Core service with real demand and authorable local content in every Essex County city
https://newarkqualityroofing.com/storm-damage-roof-repair-montclair-nj,combos,Service+City combo,A,storm-damage-roof-repair,montclair,KEEP-INDEX,,Core service with real demand and authorable local content in every Essex County city
https://newarkqualityroofing.com/storm-damage-roof-repair-bloomfield-nj,combos,Service+City combo,A,storm-damage-roof-repair,bloomfield,KEEP-INDEX,,Core service with real demand and authorable local content in every Essex County city
https://newarkqualityroofing.com/storm-damage-roof-repair-belleville-nj,combos,Service+City combo,A,storm-damage-roof-repair,belleville,KEEP-INDEX,,Core service with real demand and authorable local content in every Essex County city
https://newarkqualityroofing.com/storm-damage-roof-repair-nutley-nj,combos,Service+City combo,A,storm-damage-roof-repair,nutley,KEEP-INDEX,,Core service with real demand and authorable local content in every Essex County city
https://newarkqualityroofing.com/storm-damage-roof-repair-irvington-nj,combos,Service+City combo,A,storm-damage-roof-repair,irvington,KEEP-INDEX,,Core service with real demand and authorable local content in every Essex County city
https://newarkqualityroofing.com/storm-damage-roof-repair-maplewood-nj,combos,Service+City combo,A,storm-damage-roof-repair,maplewood,KEEP-INDEX,,Core service with real demand and authorable local content in every Essex County city
https://newarkqualityroofing.com/storm-damage-roof-repair-south-orange-nj,combos,Service+City combo,A,storm-damage-roof-repair,south-orange,KEEP-INDEX,,Core service with real demand and authorable local content in every Essex County city
https://newarkqualityroofing.com/storm-damage-roof-repair-livingston-nj,combos,Service+City combo,A,storm-damage-roof-repair,livingston,KEEP-INDEX,,Core service with real demand and authorable local content in every Essex County city
https://newarkqualityroofing.com/storm-damage-roof-repair-millburn-nj,combos,Service+City combo,A,storm-damage-roof-repair,millburn,KEEP-INDEX,,Core service with real demand and authorable local content in every Essex County city
https://newarkqualityroofing.com/storm-damage-roof-repair-cedar-grove-nj,combos,Service+City combo,A,storm-damage-roof-repair,cedar-grove,KEEP-INDEX,,Core service with real demand and authorable local content in every Essex County city
https://newarkqualityroofing.com/storm-damage-roof-repair-verona-nj,combos,Service+City combo,A,storm-damage-roof-repair,verona,KEEP-INDEX,,Core service with real demand and authorable local content in every Essex County city
https://newarkqualityroofing.com/storm-damage-roof-repair-glen-ridge-nj,combos,Service+City combo,A,storm-damage-roof-repair,glen-ridge,KEEP-INDEX,,Core service with real demand and authorable local content in every Essex County city
https://newarkqualityroofing.com/storm-damage-roof-repair-caldwell-nj,combos,Service+City combo,A,storm-damage-roof-repair,caldwell,KEEP-INDEX,,Core service with real demand and authorable local content in every Essex County city
https://newarkqualityroofing.com/storm-damage-roof-repair-essex-fells-nj,combos,Service+City combo,A,storm-damage-roof-repair,essex-fells,KEEP-INDEX,,Core service with real demand and authorable local content in every Essex County city
https://newarkqualityroofing.com/storm-damage-roof-repair-fairfield-nj,combos,Service+City combo,A,storm-damage-roof-repair,fairfield,KEEP-INDEX,,Core service with real demand and authorable local content in every Essex County city
https://newarkqualityroofing.com/storm-damage-roof-repair-north-caldwell-nj,combos,Service+City combo,A,storm-damage-roof-repair,north-caldwell,KEEP-INDEX,,Core service with real demand and authorable local content in every Essex County city
https://newarkqualityroofing.com/storm-damage-roof-repair-roseland-nj,combos,Service+City combo,A,storm-damage-roof-repair,roseland,KEEP-INDEX,,Core service with real demand and authorable local content in every Essex County city
https://newarkqualityroofing.com/hail-damage-roof-repair-newark-nj,combos,Service+City combo,B,hail-damage-roof-repair,newark,KEEP-INDEX,,Important service in a top-10 Essex County city — keep with rewritten local content
https://newarkqualityroofing.com/hail-damage-roof-repair-east-orange-nj,combos,Service+City combo,B,hail-damage-roof-repair,east-orange,KEEP-INDEX,,Important service in a top-10 Essex County city — keep with rewritten local content
https://newarkqualityroofing.com/hail-damage-roof-repair-orange-nj,combos,Service+City combo,B,hail-damage-roof-repair,orange,NOINDEX,,Important service but in a low-volume city — let the parent service hub rank
https://newarkqualityroofing.com/hail-damage-roof-repair-west-orange-nj,combos,Service+City combo,B,hail-damage-roof-repair,west-orange,KEEP-INDEX,,Important service in a top-10 Essex County city — keep with rewritten local content
https://newarkqualityroofing.com/hail-damage-roof-repair-montclair-nj,combos,Service+City combo,B,hail-damage-roof-repair,montclair,KEEP-INDEX,,Important service in a top-10 Essex County city — keep with rewritten local content
https://newarkqualityroofing.com/hail-damage-roof-repair-bloomfield-nj,combos,Service+City combo,B,hail-damage-roof-repair,bloomfield,KEEP-INDEX,,Important service in a top-10 Essex County city — keep with rewritten local content
https://newarkqualityroofing.com/hail-damage-roof-repair-belleville-nj,combos,Service+City combo,B,hail-damage-roof-repair,belleville,KEEP-INDEX,,Important service in a top-10 Essex County city — keep with rewritten local content
https://newarkqualityroofing.com/hail-damage-roof-repair-nutley-nj,combos,Service+City combo,B,hail-damage-roof-repair,nutley,KEEP-INDEX,,Important service in a top-10 Essex County city — keep with rewritten local content
https://newarkqualityroofing.com/hail-damage-roof-repair-irvington-nj,combos,Service+City combo,B,hail-damage-roof-repair,irvington,KEEP-INDEX,,Important service in a top-10 Essex County city — keep with rewritten local content
https://newarkqualityroofing.com/hail-damage-roof-repair-maplewood-nj,combos,Service+City combo,B,hail-damage-roof-repair,maplewood,KEEP-INDEX,,Important service in a top-10 Essex County city — keep with rewritten local content
https://newarkqualityroofing.com/hail-damage-roof-repair-south-orange-nj,combos,Service+City combo,B,hail-damage-roof-repair,south-orange,KEEP-INDEX,,Important service in a top-10 Essex County city — keep with rewritten local content
https://newarkqualityroofing.com/hail-damage-roof-repair-livingston-nj,combos,Service+City combo,B,hail-damage-roof-repair,livingston,NOINDEX,,Important service but in a low-volume city — let the parent service hub rank
https://newarkqualityroofing.com/hail-damage-roof-repair-millburn-nj,combos,Service+City combo,B,hail-damage-roof-repair,millburn,NOINDEX,,Important service but in a low-volume city — let the parent service hub rank
https://newarkqualityroofing.com/hail-damage-roof-repair-cedar-grove-nj,combos,Service+City combo,B,hail-damage-roof-repair,cedar-grove,NOINDEX,,Important service but in a low-volume city — let the parent service hub rank
https://newarkqualityroofing.com/hail-damage-roof-repair-verona-nj,combos,Service+City combo,B,hail-damage-roof-repair,verona,NOINDEX,,Important service but in a low-volume city — let the parent service hub rank
https://newarkqualityroofing.com/hail-damage-roof-repair-glen-ridge-nj,combos,Service+City combo,B,hail-damage-roof-repair,glen-ridge,NOINDEX,,Important service but in a low-volume city — let the parent service hub rank
https://newarkqualityroofing.com/hail-damage-roof-repair-caldwell-nj,combos,Service+City combo,B,hail-damage-roof-repair,caldwell,NOINDEX,,Important service but in a low-volume city — let the parent service hub rank
https://newarkqualityroofing.com/hail-damage-roof-repair-essex-fells-nj,combos,Service+City combo,B,hail-damage-roof-repair,essex-fells,NOINDEX,,Important service but in a low-volume city — let the parent service hub rank
https://newarkqualityroofing.com/hail-damage-roof-repair-fairfield-nj,combos,Service+City combo,B,hail-damage-roof-repair,fairfield,NOINDEX,,Important service but in a low-volume city — let the parent service hub rank
https://newarkqualityroofing.com/hail-damage-roof-repair-north-caldwell-nj,combos,Service+City combo,B,hail-damage-roof-repair,north-caldwell,NOINDEX,,Important service but in a low-volume city — let the parent service hub rank
https://newarkqualityroofing.com/hail-damage-roof-repair-roseland-nj,combos,Service+City combo,B,hail-damage-roof-repair,roseland,NOINDEX,,Important service but in a low-volume city — let the parent service hub rank
https://newarkqualityroofing.com/wind-damage-roof-repair-newark-nj,combos,Service+City combo,B,wind-damage-roof-repair,newark,KEEP-INDEX,,Important service in a top-10 Essex County city — keep with rewritten local content
https://newarkqualityroofing.com/wind-damage-roof-repair-east-orange-nj,combos,Service+City combo,B,wind-damage-roof-repair,east-orange,KEEP-INDEX,,Important service in a top-10 Essex County city — keep with rewritten local content
https://newarkqualityroofing.com/wind-damage-roof-repair-orange-nj,combos,Service+City combo,B,wind-damage-roof-repair,orange,NOINDEX,,Important service but in a low-volume city — let the parent service hub rank
https://newarkqualityroofing.com/wind-damage-roof-repair-west-orange-nj,combos,Service+City combo,B,wind-damage-roof-repair,west-orange,KEEP-INDEX,,Important service in a top-10 Essex County city — keep with rewritten local content
https://newarkqualityroofing.com/wind-damage-roof-repair-montclair-nj,combos,Service+City combo,B,wind-damage-roof-repair,montclair,KEEP-INDEX,,Important service in a top-10 Essex County city — keep with rewritten local content
https://newarkqualityroofing.com/wind-damage-roof-repair-bloomfield-nj,combos,Service+City combo,B,wind-damage-roof-repair,bloomfield,KEEP-INDEX,,Important service in a top-10 Essex County city — keep with rewritten local content
https://newarkqualityroofing.com/wind-damage-roof-repair-belleville-nj,combos,Service+City combo,B,wind-damage-roof-repair,belleville,KEEP-INDEX,,Important service in a top-10 Essex County city — keep with rewritten local content
https://newarkqualityroofing.com/wind-damage-roof-repair-nutley-nj,combos,Service+City combo,B,wind-damage-roof-repair,nutley,KEEP-INDEX,,Important service in a top-10 Essex County city — keep with rewritten local content
https://newarkqualityroofing.com/wind-damage-roof-repair-irvington-nj,combos,Service+City combo,B,wind-damage-roof-repair,irvington,KEEP-INDEX,,Important service in a top-10 Essex County city — keep with rewritten local content
https://newarkqualityroofing.com/wind-damage-roof-repair-maplewood-nj,combos,Service+City combo,B,wind-damage-roof-repair,maplewood,KEEP-INDEX,,Important service in a top-10 Essex County city — keep with rewritten local content
https://newarkqualityroofing.com/wind-damage-roof-repair-south-orange-nj,combos,Service+City combo,B,wind-damage-roof-repair,south-orange,KEEP-INDEX,,Important service in a top-10 Essex County city — keep with rewritten local content
https://newarkqualityroofing.com/wind-damage-roof-repair-livingston-nj,combos,Service+City combo,B,wind-damage-roof-repair,livingston,NOINDEX,,Important service but in a low-volume city — let the parent service hub rank
https://newarkqualityroofing.com/wind-damage-roof-repair-millburn-nj,combos,Service+City combo,B,wind-damage-roof-repair,millburn,NOINDEX,,Important service but in a low-volume city — let the parent service hub rank
https://newarkqualityroofing.com/wind-damage-roof-repair-cedar-grove-nj,combos,Service+City combo,B,wind-damage-roof-repair,cedar-grove,NOINDEX,,Important service but in a low-volume city — let the parent service hub rank
https://newarkqualityroofing.com/wind-damage-roof-repair-verona-nj,combos,Service+City combo,B,wind-damage-roof-repair,verona,NOINDEX,,Important service but in a low-volume city — let the parent service hub rank
https://newarkqualityroofing.com/wind-damage-roof-repair-glen-ridge-nj,combos,Service+City combo,B,wind-damage-roof-repair,glen-ridge,NOINDEX,,Important service but in a low-volume city — let the parent service hub rank
https://newarkqualityroofing.com/wind-damage-roof-repair-caldwell-nj,combos,Service+City combo,B,wind-damage-roof-repair,caldwell,NOINDEX,,Important service but in a low-volume city — let the parent service hub rank
https://newarkqualityroofing.com/wind-damage-roof-repair-essex-fells-nj,combos,Service+City combo,B,wind-damage-roof-repair,essex-fells,NOINDEX,,Important service but in a low-volume city — let the parent service hub rank
https://newarkqualityroofing.com/wind-damage-roof-repair-fairfield-nj,combos,Service+City combo,B,wind-damage-roof-repair,fairfield,NOINDEX,,Important service but in a low-volume city — let the parent service hub rank
https://newarkqualityroofing.com/wind-damage-roof-repair-north-caldwell-nj,combos,Service+City combo,B,wind-damage-roof-repair,north-caldwell,NOINDEX,,Important service but in a low-volume city — let the parent service hub rank
https://newarkqualityroofing.com/wind-damage-roof-repair-roseland-nj,combos,Service+City combo,B,wind-damage-roof-repair,roseland,NOINDEX,,Important service but in a low-volume city — let the parent service hub rank
https://newarkqualityroofing.com/roof-cleaning-moss-removal-newark-nj,combos,Service+City combo,D,roof-cleaning-moss-removal,newark,NOINDEX,,Niche or component-level service with no real city-by-city demand
https://newarkqualityroofing.com/roof-cleaning-moss-removal-east-orange-nj,combos,Service+City combo,D,roof-cleaning-moss-removal,east-orange,NOINDEX,,Niche or component-level service with no real city-by-city demand
https://newarkqualityroofing.com/roof-cleaning-moss-removal-orange-nj,combos,Service+City combo,D,roof-cleaning-moss-removal,orange,NOINDEX,,Niche or component-level service with no real city-by-city demand
https://newarkqualityroofing.com/roof-cleaning-moss-removal-west-orange-nj,combos,Service+City combo,D,roof-cleaning-moss-removal,west-orange,NOINDEX,,Niche or component-level service with no real city-by-city demand
https://newarkqualityroofing.com/roof-cleaning-moss-removal-montclair-nj,combos,Service+City combo,D,roof-cleaning-moss-removal,montclair,NOINDEX,,Niche or component-level service with no real city-by-city demand
https://newarkqualityroofing.com/roof-cleaning-moss-removal-bloomfield-nj,combos,Service+City combo,D,roof-cleaning-moss-removal,bloomfield,NOINDEX,,Niche or component-level service with no real city-by-city demand
https://newarkqualityroofing.com/roof-cleaning-moss-removal-belleville-nj,combos,Service+City combo,D,roof-cleaning-moss-removal,belleville,NOINDEX,,Niche or component-level service with no real city-by-city demand
https://newarkqualityroofing.com/roof-cleaning-moss-removal-nutley-nj,combos,Service+City combo,D,roof-cleaning-moss-removal,nutley,NOINDEX,,Niche or component-level service with no real city-by-city demand
https://newarkqualityroofing.com/roof-cleaning-moss-removal-irvington-nj,combos,Service+City combo,D,roof-cleaning-moss-removal,irvington,NOINDEX,,Niche or component-level service with no real city-by-city demand
https://newarkqualityroofing.com/roof-cleaning-moss-removal-maplewood-nj,combos,Service+City combo,D,roof-cleaning-moss-removal,maplewood,NOINDEX,,Niche or component-level service with no real city-by-city demand
https://newarkqualityroofing.com/roof-cleaning-moss-removal-south-orange-nj,combos,Service+City combo,D,roof-cleaning-moss-removal,south-orange,NOINDEX,,Niche or component-level service with no real city-by-city demand
https://newarkqualityroofing.com/roof-cleaning-moss-removal-livingston-nj,combos,Service+City combo,D,roof-cleaning-moss-removal,livingston,NOINDEX,,Niche or component-level service with no real city-by-city demand
https://newarkqualityroofing.com/roof-cleaning-moss-removal-millburn-nj,combos,Service+City combo,D,roof-cleaning-moss-removal,millburn,NOINDEX,,Niche or component-level service with no real city-by-city demand
https://newarkqualityroofing.com/roof-cleaning-moss-removal-cedar-grove-nj,combos,Service+City combo,D,roof-cleaning-moss-removal,cedar-grove,NOINDEX,,Niche or component-level service with no real city-by-city demand
https://newarkqualityroofing.com/roof-cleaning-moss-removal-verona-nj,combos,Service+City combo,D,roof-cleaning-moss-removal,verona,NOINDEX,,Niche or component-level service with no real city-by-city demand
https://newarkqualityroofing.com/roof-cleaning-moss-removal-glen-ridge-nj,combos,Service+City combo,D,roof-cleaning-moss-removal,glen-ridge,NOINDEX,,Niche or component-level service with no real city-by-city demand
https://newarkqualityroofing.com/roof-cleaning-moss-removal-caldwell-nj,combos,Service+City combo,D,roof-cleaning-moss-removal,caldwell,NOINDEX,,Niche or component-level service with no real city-by-city demand
https://newarkqualityroofing.com/roof-cleaning-moss-removal-essex-fells-nj,combos,Service+City combo,D,roof-cleaning-moss-removal,essex-fells,NOINDEX,,Niche or component-level service with no real city-by-city demand
https://newarkqualityroofing.com/roof-cleaning-moss-removal-fairfield-nj,combos,Service+City combo,D,roof-cleaning-moss-removal,fairfield,NOINDEX,,Niche or component-level service with no real city-by-city demand
https://newarkqualityroofing.com/roof-cleaning-moss-removal-north-caldwell-nj,combos,Service+City combo,D,roof-cleaning-moss-removal,north-caldwell,NOINDEX,,Niche or component-level service with no real city-by-city demand
https://newarkqualityroofing.com/roof-cleaning-moss-removal-roseland-nj,combos,Service+City combo,D,roof-cleaning-moss-removal,roseland,NOINDEX,,Niche or component-level service with no real city-by-city demand
https://newarkqualityroofing.com/residential-roof-installation-newark-nj,combos,Service+City combo,B,residential-roof-installation,newark,KEEP-INDEX,,Important service in a top-10 Essex County city — keep with rewritten local content
https://newarkqualityroofing.com/residential-roof-installation-east-orange-nj,combos,Service+City combo,B,residential-roof-installation,east-orange,KEEP-INDEX,,Important service in a top-10 Essex County city — keep with rewritten local content
https://newarkqualityroofing.com/residential-roof-installation-orange-nj,combos,Service+City combo,B,residential-roof-installation,orange,NOINDEX,,Important service but in a low-volume city — let the parent service hub rank
https://newarkqualityroofing.com/residential-roof-installation-west-orange-nj,combos,Service+City combo,B,residential-roof-installation,west-orange,KEEP-INDEX,,Important service in a top-10 Essex County city — keep with rewritten local content
https://newarkqualityroofing.com/residential-roof-installation-montclair-nj,combos,Service+City combo,B,residential-roof-installation,montclair,KEEP-INDEX,,Important service in a top-10 Essex County city — keep with rewritten local content
https://newarkqualityroofing.com/residential-roof-installation-bloomfield-nj,combos,Service+City combo,B,residential-roof-installation,bloomfield,KEEP-INDEX,,Important service in a top-10 Essex County city — keep with rewritten local content
https://newarkqualityroofing.com/residential-roof-installation-belleville-nj,combos,Service+City combo,B,residential-roof-installation,belleville,KEEP-INDEX,,Important service in a top-10 Essex County city — keep with rewritten local content
https://newarkqualityroofing.com/residential-roof-installation-nutley-nj,combos,Service+City combo,B,residential-roof-installation,nutley,KEEP-INDEX,,Important service in a top-10 Essex County city — keep with rewritten local content
https://newarkqualityroofing.com/residential-roof-installation-irvington-nj,combos,Service+City combo,B,residential-roof-installation,irvington,KEEP-INDEX,,Important service in a top-10 Essex County city — keep with rewritten local content
https://newarkqualityroofing.com/residential-roof-installation-maplewood-nj,combos,Service+City combo,B,residential-roof-installation,maplewood,KEEP-INDEX,,Important service in a top-10 Essex County city — keep with rewritten local content
https://newarkqualityroofing.com/residential-roof-installation-south-orange-nj,combos,Service+City combo,B,residential-roof-installation,south-orange,KEEP-INDEX,,Important service in a top-10 Essex County city — keep with rewritten local content
https://newarkqualityroofing.com/residential-roof-installation-livingston-nj,combos,Service+City combo,B,residential-roof-installation,livingston,NOINDEX,,Important service but in a low-volume city — let the parent service hub rank
https://newarkqualityroofing.com/residential-roof-installation-millburn-nj,combos,Service+City combo,B,residential-roof-installation,millburn,NOINDEX,,Important service but in a low-volume city — let the parent service hub rank
https://newarkqualityroofing.com/residential-roof-installation-cedar-grove-nj,combos,Service+City combo,B,residential-roof-installation,cedar-grove,NOINDEX,,Important service but in a low-volume city — let the parent service hub rank
https://newarkqualityroofing.com/residential-roof-installation-verona-nj,combos,Service+City combo,B,residential-roof-installation,verona,NOINDEX,,Important service but in a low-volume city — let the parent service hub rank
https://newarkqualityroofing.com/residential-roof-installation-glen-ridge-nj,combos,Service+City combo,B,residential-roof-installation,glen-ridge,NOINDEX,,Important service but in a low-volume city — let the parent service hub rank
https://newarkqualityroofing.com/residential-roof-installation-caldwell-nj,combos,Service+City combo,B,residential-roof-installation,caldwell,NOINDEX,,Important service but in a low-volume city — let the parent service hub rank
https://newarkqualityroofing.com/residential-roof-installation-essex-fells-nj,combos,Service+City combo,B,residential-roof-installation,essex-fells,NOINDEX,,Important service but in a low-volume city — let the parent service hub rank
https://newarkqualityroofing.com/residential-roof-installation-fairfield-nj,combos,Service+City combo,B,residential-roof-installation,fairfield,NOINDEX,,Important service but in a low-volume city — let the parent service hub rank
https://newarkqualityroofing.com/residential-roof-installation-north-caldwell-nj,combos,Service+City combo,B,residential-roof-installation,north-caldwell,NOINDEX,,Important service but in a low-volume city — let the parent service hub rank
https://newarkqualityroofing.com/residential-roof-installation-roseland-nj,combos,Service+City combo,B,residential-roof-installation,roseland,NOINDEX,,Important service but in a low-volume city — let the parent service hub rank
https://newarkqualityroofing.com/asphalt-shingle-roofing-newark-nj,combos,Service+City combo,B,asphalt-shingle-roofing,newark,KEEP-INDEX,,Important service in a top-10 Essex County city — keep with rewritten local content
https://newarkqualityroofing.com/asphalt-shingle-roofing-east-orange-nj,combos,Service+City combo,B,asphalt-shingle-roofing,east-orange,KEEP-INDEX,,Important service in a top-10 Essex County city — keep with rewritten local content
https://newarkqualityroofing.com/asphalt-shingle-roofing-orange-nj,combos,Service+City combo,B,asphalt-shingle-roofing,orange,NOINDEX,,Important service but in a low-volume city — let the parent service hub rank
https://newarkqualityroofing.com/asphalt-shingle-roofing-west-orange-nj,combos,Service+City combo,B,asphalt-shingle-roofing,west-orange,KEEP-INDEX,,Important service in a top-10 Essex County city — keep with rewritten local content
https://newarkqualityroofing.com/asphalt-shingle-roofing-montclair-nj,combos,Service+City combo,B,asphalt-shingle-roofing,montclair,KEEP-INDEX,,Important service in a top-10 Essex County city — keep with rewritten local content
https://newarkqualityroofing.com/asphalt-shingle-roofing-bloomfield-nj,combos,Service+City combo,B,asphalt-shingle-roofing,bloomfield,KEEP-INDEX,,Important service in a top-10 Essex County city — keep with rewritten local content
https://newarkqualityroofing.com/asphalt-shingle-roofing-belleville-nj,combos,Service+City combo,B,asphalt-shingle-roofing,belleville,KEEP-INDEX,,Important service in a top-10 Essex County city — keep with rewritten local content
https://newarkqualityroofing.com/asphalt-shingle-roofing-nutley-nj,combos,Service+City combo,B,asphalt-shingle-roofing,nutley,KEEP-INDEX,,Important service in a top-10 Essex County city — keep with rewritten local content
https://newarkqualityroofing.com/asphalt-shingle-roofing-irvington-nj,combos,Service+City combo,B,asphalt-shingle-roofing,irvington,KEEP-INDEX,,Important service in a top-10 Essex County city — keep with rewritten local content
https://newarkqualityroofing.com/asphalt-shingle-roofing-maplewood-nj,combos,Service+City combo,B,asphalt-shingle-roofing,maplewood,KEEP-INDEX,,Important service in a top-10 Essex County city — keep with rewritten local content
https://newarkqualityroofing.com/asphalt-shingle-roofing-south-orange-nj,combos,Service+City combo,B,asphalt-shingle-roofing,south-orange,KEEP-INDEX,,Important service in a top-10 Essex County city — keep with rewritten local content
https://newarkqualityroofing.com/asphalt-shingle-roofing-livingston-nj,combos,Service+City combo,B,asphalt-shingle-roofing,livingston,NOINDEX,,Important service but in a low-volume city — let the parent service hub rank
https://newarkqualityroofing.com/asphalt-shingle-roofing-millburn-nj,combos,Service+City combo,B,asphalt-shingle-roofing,millburn,NOINDEX,,Important service but in a low-volume city — let the parent service hub rank
https://newarkqualityroofing.com/asphalt-shingle-roofing-cedar-grove-nj,combos,Service+City combo,B,asphalt-shingle-roofing,cedar-grove,NOINDEX,,Important service but in a low-volume city — let the parent service hub rank
https://newarkqualityroofing.com/asphalt-shingle-roofing-verona-nj,combos,Service+City combo,B,asphalt-shingle-roofing,verona,NOINDEX,,Important service but in a low-volume city — let the parent service hub rank
https://newarkqualityroofing.com/asphalt-shingle-roofing-glen-ridge-nj,combos,Service+City combo,B,asphalt-shingle-roofing,glen-ridge,NOINDEX,,Important service but in a low-volume city — let the parent service hub rank
https://newarkqualityroofing.com/asphalt-shingle-roofing-caldwell-nj,combos,Service+City combo,B,asphalt-shingle-roofing,caldwell,NOINDEX,,Important service but in a low-volume city — let the parent service hub rank
https://newarkqualityroofing.com/asphalt-shingle-roofing-essex-fells-nj,combos,Service+City combo,B,asphalt-shingle-roofing,essex-fells,NOINDEX,,Important service but in a low-volume city — let the parent service hub rank
https://newarkqualityroofing.com/asphalt-shingle-roofing-fairfield-nj,combos,Service+City combo,B,asphalt-shingle-roofing,fairfield,NOINDEX,,Important service but in a low-volume city — let the parent service hub rank
https://newarkqualityroofing.com/asphalt-shingle-roofing-north-caldwell-nj,combos,Service+City combo,B,asphalt-shingle-roofing,north-caldwell,NOINDEX,,Important service but in a low-volume city — let the parent service hub rank
https://newarkqualityroofing.com/asphalt-shingle-roofing-roseland-nj,combos,Service+City combo,B,asphalt-shingle-roofing,roseland,NOINDEX,,Important service but in a low-volume city — let the parent service hub rank
https://newarkqualityroofing.com/slate-roof-installation-repair-newark-nj,combos,Service+City combo,C,slate-roof-installation-repair,newark,NOINDEX,,Material-specific service — let parent service hub rank; city hub covers location intent
https://newarkqualityroofing.com/slate-roof-installation-repair-east-orange-nj,combos,Service+City combo,C,slate-roof-installation-repair,east-orange,NOINDEX,,Material-specific service — let parent service hub rank; city hub covers location intent
https://newarkqualityroofing.com/slate-roof-installation-repair-orange-nj,combos,Service+City combo,C,slate-roof-installation-repair,orange,NOINDEX,,Material-specific service — let parent service hub rank; city hub covers location intent
https://newarkqualityroofing.com/slate-roof-installation-repair-west-orange-nj,combos,Service+City combo,C,slate-roof-installation-repair,west-orange,NOINDEX,,Material-specific service — let parent service hub rank; city hub covers location intent
https://newarkqualityroofing.com/slate-roof-installation-repair-montclair-nj,combos,Service+City combo,C,slate-roof-installation-repair,montclair,NOINDEX,,Material-specific service — let parent service hub rank; city hub covers location intent
https://newarkqualityroofing.com/slate-roof-installation-repair-bloomfield-nj,combos,Service+City combo,C,slate-roof-installation-repair,bloomfield,NOINDEX,,Material-specific service — let parent service hub rank; city hub covers location intent
https://newarkqualityroofing.com/slate-roof-installation-repair-belleville-nj,combos,Service+City combo,C,slate-roof-installation-repair,belleville,NOINDEX,,Material-specific service — let parent service hub rank; city hub covers location intent
https://newarkqualityroofing.com/slate-roof-installation-repair-nutley-nj,combos,Service+City combo,C,slate-roof-installation-repair,nutley,NOINDEX,,Material-specific service — let parent service hub rank; city hub covers location intent
https://newarkqualityroofing.com/slate-roof-installation-repair-irvington-nj,combos,Service+City combo,C,slate-roof-installation-repair,irvington,NOINDEX,,Material-specific service — let parent service hub rank; city hub covers location intent
https://newarkqualityroofing.com/slate-roof-installation-repair-maplewood-nj,combos,Service+City combo,C,slate-roof-installation-repair,maplewood,NOINDEX,,Material-specific service — let parent service hub rank; city hub covers location intent
https://newarkqualityroofing.com/slate-roof-installation-repair-south-orange-nj,combos,Service+City combo,C,slate-roof-installation-repair,south-orange,NOINDEX,,Material-specific service — let parent service hub rank; city hub covers location intent
https://newarkqualityroofing.com/slate-roof-installation-repair-livingston-nj,combos,Service+City combo,C,slate-roof-installation-repair,livingston,NOINDEX,,Material-specific service — let parent service hub rank; city hub covers location intent
https://newarkqualityroofing.com/slate-roof-installation-repair-millburn-nj,combos,Service+City combo,C,slate-roof-installation-repair,millburn,NOINDEX,,Material-specific service — let parent service hub rank; city hub covers location intent
https://newarkqualityroofing.com/slate-roof-installation-repair-cedar-grove-nj,combos,Service+City combo,C,slate-roof-installation-repair,cedar-grove,NOINDEX,,Material-specific service — let parent service hub rank; city hub covers location intent
https://newarkqualityroofing.com/slate-roof-installation-repair-verona-nj,combos,Service+City combo,C,slate-roof-installation-repair,verona,NOINDEX,,Material-specific service — let parent service hub rank; city hub covers location intent
https://newarkqualityroofing.com/slate-roof-installation-repair-glen-ridge-nj,combos,Service+City combo,C,slate-roof-installation-repair,glen-ridge,NOINDEX,,Material-specific service — let parent service hub rank; city hub covers location intent
https://newarkqualityroofing.com/slate-roof-installation-repair-caldwell-nj,combos,Service+City combo,C,slate-roof-installation-repair,caldwell,NOINDEX,,Material-specific service — let parent service hub rank; city hub covers location intent
https://newarkqualityroofing.com/slate-roof-installation-repair-essex-fells-nj,combos,Service+City combo,C,slate-roof-installation-repair,essex-fells,NOINDEX,,Material-specific service — let parent service hub rank; city hub covers location intent
https://newarkqualityroofing.com/slate-roof-installation-repair-fairfield-nj,combos,Service+City combo,C,slate-roof-installation-repair,fairfield,NOINDEX,,Material-specific service — let parent service hub rank; city hub covers location intent
https://newarkqualityroofing.com/slate-roof-installation-repair-north-caldwell-nj,combos,Service+City combo,C,slate-roof-installation-repair,north-caldwell,NOINDEX,,Material-specific service — let parent service hub rank; city hub covers location intent
https://newarkqualityroofing.com/slate-roof-installation-repair-roseland-nj,combos,Service+City combo,C,slate-roof-installation-repair,roseland,NOINDEX,,Material-specific service — let parent service hub rank; city hub covers location intent
https://newarkqualityroofing.com/wood-shake-roofing-newark-nj,combos,Service+City combo,C,wood-shake-roofing,newark,NOINDEX,,Material-specific service — let parent service hub rank; city hub covers location intent
https://newarkqualityroofing.com/wood-shake-roofing-east-orange-nj,combos,Service+City combo,C,wood-shake-roofing,east-orange,NOINDEX,,Material-specific service — let parent service hub rank; city hub covers location intent
https://newarkqualityroofing.com/wood-shake-roofing-orange-nj,combos,Service+City combo,C,wood-shake-roofing,orange,NOINDEX,,Material-specific service — let parent service hub rank; city hub covers location intent
https://newarkqualityroofing.com/wood-shake-roofing-west-orange-nj,combos,Service+City combo,C,wood-shake-roofing,west-orange,NOINDEX,,Material-specific service — let parent service hub rank; city hub covers location intent
https://newarkqualityroofing.com/wood-shake-roofing-montclair-nj,combos,Service+City combo,C,wood-shake-roofing,montclair,NOINDEX,,Material-specific service — let parent service hub rank; city hub covers location intent
https://newarkqualityroofing.com/wood-shake-roofing-bloomfield-nj,combos,Service+City combo,C,wood-shake-roofing,bloomfield,NOINDEX,,Material-specific service — let parent service hub rank; city hub covers location intent
https://newarkqualityroofing.com/wood-shake-roofing-belleville-nj,combos,Service+City combo,C,wood-shake-roofing,belleville,NOINDEX,,Material-specific service — let parent service hub rank; city hub covers location intent
https://newarkqualityroofing.com/wood-shake-roofing-nutley-nj,combos,Service+City combo,C,wood-shake-roofing,nutley,NOINDEX,,Material-specific service — let parent service hub rank; city hub covers location intent
https://newarkqualityroofing.com/wood-shake-roofing-irvington-nj,combos,Service+City combo,C,wood-shake-roofing,irvington,NOINDEX,,Material-specific service — let parent service hub rank; city hub covers location intent
https://newarkqualityroofing.com/wood-shake-roofing-maplewood-nj,combos,Service+City combo,C,wood-shake-roofing,maplewood,NOINDEX,,Material-specific service — let parent service hub rank; city hub covers location intent
https://newarkqualityroofing.com/wood-shake-roofing-south-orange-nj,combos,Service+City combo,C,wood-shake-roofing,south-orange,NOINDEX,,Material-specific service — let parent service hub rank; city hub covers location intent
https://newarkqualityroofing.com/wood-shake-roofing-livingston-nj,combos,Service+City combo,C,wood-shake-roofing,livingston,NOINDEX,,Material-specific service — let parent service hub rank; city hub covers location intent
https://newarkqualityroofing.com/wood-shake-roofing-millburn-nj,combos,Service+City combo,C,wood-shake-roofing,millburn,NOINDEX,,Material-specific service — let parent service hub rank; city hub covers location intent
https://newarkqualityroofing.com/wood-shake-roofing-cedar-grove-nj,combos,Service+City combo,C,wood-shake-roofing,cedar-grove,NOINDEX,,Material-specific service — let parent service hub rank; city hub covers location intent
https://newarkqualityroofing.com/wood-shake-roofing-verona-nj,combos,Service+City combo,C,wood-shake-roofing,verona,NOINDEX,,Material-specific service — let parent service hub rank; city hub covers location intent
https://newarkqualityroofing.com/wood-shake-roofing-glen-ridge-nj,combos,Service+City combo,C,wood-shake-roofing,glen-ridge,NOINDEX,,Material-specific service — let parent service hub rank; city hub covers location intent
https://newarkqualityroofing.com/wood-shake-roofing-caldwell-nj,combos,Service+City combo,C,wood-shake-roofing,caldwell,NOINDEX,,Material-specific service — let parent service hub rank; city hub covers location intent
https://newarkqualityroofing.com/wood-shake-roofing-essex-fells-nj,combos,Service+City combo,C,wood-shake-roofing,essex-fells,NOINDEX,,Material-specific service — let parent service hub rank; city hub covers location intent
https://newarkqualityroofing.com/wood-shake-roofing-fairfield-nj,combos,Service+City combo,C,wood-shake-roofing,fairfield,NOINDEX,,Material-specific service — let parent service hub rank; city hub covers location intent
https://newarkqualityroofing.com/wood-shake-roofing-north-caldwell-nj,combos,Service+City combo,C,wood-shake-roofing,north-caldwell,NOINDEX,,Material-specific service — let parent service hub rank; city hub covers location intent
https://newarkqualityroofing.com/wood-shake-roofing-roseland-nj,combos,Service+City combo,C,wood-shake-roofing,roseland,NOINDEX,,Material-specific service — let parent service hub rank; city hub covers location intent
https://newarkqualityroofing.com/metal-roof-installation-repair-newark-nj,combos,Service+City combo,C,metal-roof-installation-repair,newark,NOINDEX,,Material-specific service — let parent service hub rank; city hub covers location intent
https://newarkqualityroofing.com/metal-roof-installation-repair-east-orange-nj,combos,Service+City combo,C,metal-roof-installation-repair,east-orange,NOINDEX,,Material-specific service — let parent service hub rank; city hub covers location intent
https://newarkqualityroofing.com/metal-roof-installation-repair-orange-nj,combos,Service+City combo,C,metal-roof-installation-repair,orange,NOINDEX,,Material-specific service — let parent service hub rank; city hub covers location intent
https://newarkqualityroofing.com/metal-roof-installation-repair-west-orange-nj,combos,Service+City combo,C,metal-roof-installation-repair,west-orange,NOINDEX,,Material-specific service — let parent service hub rank; city hub covers location intent
https://newarkqualityroofing.com/metal-roof-installation-repair-montclair-nj,combos,Service+City combo,C,metal-roof-installation-repair,montclair,NOINDEX,,Material-specific service — let parent service hub rank; city hub covers location intent
https://newarkqualityroofing.com/metal-roof-installation-repair-bloomfield-nj,combos,Service+City combo,C,metal-roof-installation-repair,bloomfield,NOINDEX,,Material-specific service — let parent service hub rank; city hub covers location intent
https://newarkqualityroofing.com/metal-roof-installation-repair-belleville-nj,combos,Service+City combo,C,metal-roof-installation-repair,belleville,NOINDEX,,Material-specific service — let parent service hub rank; city hub covers location intent
https://newarkqualityroofing.com/metal-roof-installation-repair-nutley-nj,combos,Service+City combo,C,metal-roof-installation-repair,nutley,NOINDEX,,Material-specific service — let parent service hub rank; city hub covers location intent
https://newarkqualityroofing.com/metal-roof-installation-repair-irvington-nj,combos,Service+City combo,C,metal-roof-installation-repair,irvington,NOINDEX,,Material-specific service — let parent service hub rank; city hub covers location intent
https://newarkqualityroofing.com/metal-roof-installation-repair-maplewood-nj,combos,Service+City combo,C,metal-roof-installation-repair,maplewood,NOINDEX,,Material-specific service — let parent service hub rank; city hub covers location intent
https://newarkqualityroofing.com/metal-roof-installation-repair-south-orange-nj,combos,Service+City combo,C,metal-roof-installation-repair,south-orange,NOINDEX,,Material-specific service — let parent service hub rank; city hub covers location intent
https://newarkqualityroofing.com/metal-roof-installation-repair-livingston-nj,combos,Service+City combo,C,metal-roof-installation-repair,livingston,NOINDEX,,Material-specific service — let parent service hub rank; city hub covers location intent
https://newarkqualityroofing.com/metal-roof-installation-repair-millburn-nj,combos,Service+City combo,C,metal-roof-installation-repair,millburn,NOINDEX,,Material-specific service — let parent service hub rank; city hub covers location intent
https://newarkqualityroofing.com/metal-roof-installation-repair-cedar-grove-nj,combos,Service+City combo,C,metal-roof-installation-repair,cedar-grove,NOINDEX,,Material-specific service — let parent service hub rank; city hub covers location intent
https://newarkqualityroofing.com/metal-roof-installation-repair-verona-nj,combos,Service+City combo,C,metal-roof-installation-repair,verona,NOINDEX,,Material-specific service — let parent service hub rank; city hub covers location intent
https://newarkqualityroofing.com/metal-roof-installation-repair-glen-ridge-nj,combos,Service+City combo,C,metal-roof-installation-repair,glen-ridge,NOINDEX,,Material-specific service — let parent service hub rank; city hub covers location intent
https://newarkqualityroofing.com/metal-roof-installation-repair-caldwell-nj,combos,Service+City combo,C,metal-roof-installation-repair,caldwell,NOINDEX,,Material-specific service — let parent service hub rank; city hub covers location intent
https://newarkqualityroofing.com/metal-roof-installation-repair-essex-fells-nj,combos,Service+City combo,C,metal-roof-installation-repair,essex-fells,NOINDEX,,Material-specific service — let parent service hub rank; city hub covers location intent
https://newarkqualityroofing.com/metal-roof-installation-repair-fairfield-nj,combos,Service+City combo,C,metal-roof-installation-repair,fairfield,NOINDEX,,Material-specific service — let parent service hub rank; city hub covers location intent
https://newarkqualityroofing.com/metal-roof-installation-repair-north-caldwell-nj,combos,Service+City combo,C,metal-roof-installation-repair,north-caldwell,NOINDEX,,Material-specific service — let parent service hub rank; city hub covers location intent
https://newarkqualityroofing.com/metal-roof-installation-repair-roseland-nj,combos,Service+City combo,C,metal-roof-installation-repair,roseland,NOINDEX,,Material-specific service — let parent service hub rank; city hub covers location intent
https://newarkqualityroofing.com/flat-roof-installation-repair-newark-nj,combos,Service+City combo,B,flat-roof-installation-repair,newark,KEEP-INDEX,,Important service in a top-10 Essex County city — keep with rewritten local content
https://newarkqualityroofing.com/flat-roof-installation-repair-east-orange-nj,combos,Service+City combo,B,flat-roof-installation-repair,east-orange,KEEP-INDEX,,Important service in a top-10 Essex County city — keep with rewritten local content
https://newarkqualityroofing.com/flat-roof-installation-repair-orange-nj,combos,Service+City combo,B,flat-roof-installation-repair,orange,NOINDEX,,Important service but in a low-volume city — let the parent service hub rank
https://newarkqualityroofing.com/flat-roof-installation-repair-west-orange-nj,combos,Service+City combo,B,flat-roof-installation-repair,west-orange,KEEP-INDEX,,Important service in a top-10 Essex County city — keep with rewritten local content
https://newarkqualityroofing.com/flat-roof-installation-repair-montclair-nj,combos,Service+City combo,B,flat-roof-installation-repair,montclair,KEEP-INDEX,,Important service in a top-10 Essex County city — keep with rewritten local content
https://newarkqualityroofing.com/flat-roof-installation-repair-bloomfield-nj,combos,Service+City combo,B,flat-roof-installation-repair,bloomfield,KEEP-INDEX,,Important service in a top-10 Essex County city — keep with rewritten local content
https://newarkqualityroofing.com/flat-roof-installation-repair-belleville-nj,combos,Service+City combo,B,flat-roof-installation-repair,belleville,KEEP-INDEX,,Important service in a top-10 Essex County city — keep with rewritten local content
https://newarkqualityroofing.com/flat-roof-installation-repair-nutley-nj,combos,Service+City combo,B,flat-roof-installation-repair,nutley,KEEP-INDEX,,Important service in a top-10 Essex County city — keep with rewritten local content
https://newarkqualityroofing.com/flat-roof-installation-repair-irvington-nj,combos,Service+City combo,B,flat-roof-installation-repair,irvington,KEEP-INDEX,,Important service in a top-10 Essex County city — keep with rewritten local content
https://newarkqualityroofing.com/flat-roof-installation-repair-maplewood-nj,combos,Service+City combo,B,flat-roof-installation-repair,maplewood,KEEP-INDEX,,Important service in a top-10 Essex County city — keep with rewritten local content
https://newarkqualityroofing.com/flat-roof-installation-repair-south-orange-nj,combos,Service+City combo,B,flat-roof-installation-repair,south-orange,KEEP-INDEX,,Important service in a top-10 Essex County city — keep with rewritten local content
https://newarkqualityroofing.com/flat-roof-installation-repair-livingston-nj,combos,Service+City combo,B,flat-roof-installation-repair,livingston,NOINDEX,,Important service but in a low-volume city — let the parent service hub rank
https://newarkqualityroofing.com/flat-roof-installation-repair-millburn-nj,combos,Service+City combo,B,flat-roof-installation-repair,millburn,NOINDEX,,Important service but in a low-volume city — let the parent service hub rank
https://newarkqualityroofing.com/flat-roof-installation-repair-cedar-grove-nj,combos,Service+City combo,B,flat-roof-installation-repair,cedar-grove,NOINDEX,,Important service but in a low-volume city — let the parent service hub rank
https://newarkqualityroofing.com/flat-roof-installation-repair-verona-nj,combos,Service+City combo,B,flat-roof-installation-repair,verona,NOINDEX,,Important service but in a low-volume city — let the parent service hub rank
https://newarkqualityroofing.com/flat-roof-installation-repair-glen-ridge-nj,combos,Service+City combo,B,flat-roof-installation-repair,glen-ridge,NOINDEX,,Important service but in a low-volume city — let the parent service hub rank
https://newarkqualityroofing.com/flat-roof-installation-repair-caldwell-nj,combos,Service+City combo,B,flat-roof-installation-repair,caldwell,NOINDEX,,Important service but in a low-volume city — let the parent service hub rank
https://newarkqualityroofing.com/flat-roof-installation-repair-essex-fells-nj,combos,Service+City combo,B,flat-roof-installation-repair,essex-fells,NOINDEX,,Important service but in a low-volume city — let the parent service hub rank
https://newarkqualityroofing.com/flat-roof-installation-repair-fairfield-nj,combos,Service+City combo,B,flat-roof-installation-repair,fairfield,NOINDEX,,Important service but in a low-volume city — let the parent service hub rank
https://newarkqualityroofing.com/flat-roof-installation-repair-north-caldwell-nj,combos,Service+City combo,B,flat-roof-installation-repair,north-caldwell,NOINDEX,,Important service but in a low-volume city — let the parent service hub rank
https://newarkqualityroofing.com/flat-roof-installation-repair-roseland-nj,combos,Service+City combo,B,flat-roof-installation-repair,roseland,NOINDEX,,Important service but in a low-volume city — let the parent service hub rank
https://newarkqualityroofing.com/tile-roof-installation-repair-newark-nj,combos,Service+City combo,C,tile-roof-installation-repair,newark,NOINDEX,,Material-specific service — let parent service hub rank; city hub covers location intent
https://newarkqualityroofing.com/tile-roof-installation-repair-east-orange-nj,combos,Service+City combo,C,tile-roof-installation-repair,east-orange,NOINDEX,,Material-specific service — let parent service hub rank; city hub covers location intent
https://newarkqualityroofing.com/tile-roof-installation-repair-orange-nj,combos,Service+City combo,C,tile-roof-installation-repair,orange,NOINDEX,,Material-specific service — let parent service hub rank; city hub covers location intent
https://newarkqualityroofing.com/tile-roof-installation-repair-west-orange-nj,combos,Service+City combo,C,tile-roof-installation-repair,west-orange,NOINDEX,,Material-specific service — let parent service hub rank; city hub covers location intent
https://newarkqualityroofing.com/tile-roof-installation-repair-montclair-nj,combos,Service+City combo,C,tile-roof-installation-repair,montclair,NOINDEX,,Material-specific service — let parent service hub rank; city hub covers location intent
https://newarkqualityroofing.com/tile-roof-installation-repair-bloomfield-nj,combos,Service+City combo,C,tile-roof-installation-repair,bloomfield,NOINDEX,,Material-specific service — let parent service hub rank; city hub covers location intent
https://newarkqualityroofing.com/tile-roof-installation-repair-belleville-nj,combos,Service+City combo,C,tile-roof-installation-repair,belleville,NOINDEX,,Material-specific service — let parent service hub rank; city hub covers location intent
https://newarkqualityroofing.com/tile-roof-installation-repair-nutley-nj,combos,Service+City combo,C,tile-roof-installation-repair,nutley,NOINDEX,,Material-specific service — let parent service hub rank; city hub covers location intent
https://newarkqualityroofing.com/tile-roof-installation-repair-irvington-nj,combos,Service+City combo,C,tile-roof-installation-repair,irvington,NOINDEX,,Material-specific service — let parent service hub rank; city hub covers location intent
https://newarkqualityroofing.com/tile-roof-installation-repair-maplewood-nj,combos,Service+City combo,C,tile-roof-installation-repair,maplewood,NOINDEX,,Material-specific service — let parent service hub rank; city hub covers location intent
https://newarkqualityroofing.com/tile-roof-installation-repair-south-orange-nj,combos,Service+City combo,C,tile-roof-installation-repair,south-orange,NOINDEX,,Material-specific service — let parent service hub rank; city hub covers location intent
https://newarkqualityroofing.com/tile-roof-installation-repair-livingston-nj,combos,Service+City combo,C,tile-roof-installation-repair,livingston,NOINDEX,,Material-specific service — let parent service hub rank; city hub covers location intent
https://newarkqualityroofing.com/tile-roof-installation-repair-millburn-nj,combos,Service+City combo,C,tile-roof-installation-repair,millburn,NOINDEX,,Material-specific service — let parent service hub rank; city hub covers location intent
https://newarkqualityroofing.com/tile-roof-installation-repair-cedar-grove-nj,combos,Service+City combo,C,tile-roof-installation-repair,cedar-grove,NOINDEX,,Material-specific service — let parent service hub rank; city hub covers location intent
https://newarkqualityroofing.com/tile-roof-installation-repair-verona-nj,combos,Service+City combo,C,tile-roof-installation-repair,verona,NOINDEX,,Material-specific service — let parent service hub rank; city hub covers location intent
https://newarkqualityroofing.com/tile-roof-installation-repair-glen-ridge-nj,combos,Service+City combo,C,tile-roof-installation-repair,glen-ridge,NOINDEX,,Material-specific service — let parent service hub rank; city hub covers location intent
https://newarkqualityroofing.com/tile-roof-installation-repair-caldwell-nj,combos,Service+City combo,C,tile-roof-installation-repair,caldwell,NOINDEX,,Material-specific service — let parent service hub rank; city hub covers location intent
https://newarkqualityroofing.com/tile-roof-installation-repair-essex-fells-nj,combos,Service+City combo,C,tile-roof-installation-repair,essex-fells,NOINDEX,,Material-specific service — let parent service hub rank; city hub covers location intent
https://newarkqualityroofing.com/tile-roof-installation-repair-fairfield-nj,combos,Service+City combo,C,tile-roof-installation-repair,fairfield,NOINDEX,,Material-specific service — let parent service hub rank; city hub covers location intent
https://newarkqualityroofing.com/tile-roof-installation-repair-north-caldwell-nj,combos,Service+City combo,C,tile-roof-installation-repair,north-caldwell,NOINDEX,,Material-specific service — let parent service hub rank; city hub covers location intent
https://newarkqualityroofing.com/tile-roof-installation-repair-roseland-nj,combos,Service+City combo,C,tile-roof-installation-repair,roseland,NOINDEX,,Material-specific service — let parent service hub rank; city hub covers location intent
https://newarkqualityroofing.com/cedar-shake-roofing-newark-nj,combos,Service+City combo,C,cedar-shake-roofing,newark,NOINDEX,,Material-specific service — let parent service hub rank; city hub covers location intent
https://newarkqualityroofing.com/cedar-shake-roofing-east-orange-nj,combos,Service+City combo,C,cedar-shake-roofing,east-orange,NOINDEX,,Material-specific service — let parent service hub rank; city hub covers location intent
https://newarkqualityroofing.com/cedar-shake-roofing-orange-nj,combos,Service+City combo,C,cedar-shake-roofing,orange,NOINDEX,,Material-specific service — let parent service hub rank; city hub covers location intent
https://newarkqualityroofing.com/cedar-shake-roofing-west-orange-nj,combos,Service+City combo,C,cedar-shake-roofing,west-orange,NOINDEX,,Material-specific service — let parent service hub rank; city hub covers location intent
https://newarkqualityroofing.com/cedar-shake-roofing-montclair-nj,combos,Service+City combo,C,cedar-shake-roofing,montclair,NOINDEX,,Material-specific service — let parent service hub rank; city hub covers location intent
https://newarkqualityroofing.com/cedar-shake-roofing-bloomfield-nj,combos,Service+City combo,C,cedar-shake-roofing,bloomfield,NOINDEX,,Material-specific service — let parent service hub rank; city hub covers location intent
https://newarkqualityroofing.com/cedar-shake-roofing-belleville-nj,combos,Service+City combo,C,cedar-shake-roofing,belleville,NOINDEX,,Material-specific service — let parent service hub rank; city hub covers location intent
https://newarkqualityroofing.com/cedar-shake-roofing-nutley-nj,combos,Service+City combo,C,cedar-shake-roofing,nutley,NOINDEX,,Material-specific service — let parent service hub rank; city hub covers location intent
https://newarkqualityroofing.com/cedar-shake-roofing-irvington-nj,combos,Service+City combo,C,cedar-shake-roofing,irvington,NOINDEX,,Material-specific service — let parent service hub rank; city hub covers location intent
https://newarkqualityroofing.com/cedar-shake-roofing-maplewood-nj,combos,Service+City combo,C,cedar-shake-roofing,maplewood,NOINDEX,,Material-specific service — let parent service hub rank; city hub covers location intent
https://newarkqualityroofing.com/cedar-shake-roofing-south-orange-nj,combos,Service+City combo,C,cedar-shake-roofing,south-orange,NOINDEX,,Material-specific service — let parent service hub rank; city hub covers location intent
https://newarkqualityroofing.com/cedar-shake-roofing-livingston-nj,combos,Service+City combo,C,cedar-shake-roofing,livingston,NOINDEX,,Material-specific service — let parent service hub rank; city hub covers location intent
https://newarkqualityroofing.com/cedar-shake-roofing-millburn-nj,combos,Service+City combo,C,cedar-shake-roofing,millburn,NOINDEX,,Material-specific service — let parent service hub rank; city hub covers location intent
https://newarkqualityroofing.com/cedar-shake-roofing-cedar-grove-nj,combos,Service+City combo,C,cedar-shake-roofing,cedar-grove,NOINDEX,,Material-specific service — let parent service hub rank; city hub covers location intent
https://newarkqualityroofing.com/cedar-shake-roofing-verona-nj,combos,Service+City combo,C,cedar-shake-roofing,verona,NOINDEX,,Material-specific service — let parent service hub rank; city hub covers location intent
https://newarkqualityroofing.com/cedar-shake-roofing-glen-ridge-nj,combos,Service+City combo,C,cedar-shake-roofing,glen-ridge,NOINDEX,,Material-specific service — let parent service hub rank; city hub covers location intent
https://newarkqualityroofing.com/cedar-shake-roofing-caldwell-nj,combos,Service+City combo,C,cedar-shake-roofing,caldwell,NOINDEX,,Material-specific service — let parent service hub rank; city hub covers location intent
https://newarkqualityroofing.com/cedar-shake-roofing-essex-fells-nj,combos,Service+City combo,C,cedar-shake-roofing,essex-fells,NOINDEX,,Material-specific service — let parent service hub rank; city hub covers location intent
https://newarkqualityroofing.com/cedar-shake-roofing-fairfield-nj,combos,Service+City combo,C,cedar-shake-roofing,fairfield,NOINDEX,,Material-specific service — let parent service hub rank; city hub covers location intent
https://newarkqualityroofing.com/cedar-shake-roofing-north-caldwell-nj,combos,Service+City combo,C,cedar-shake-roofing,north-caldwell,NOINDEX,,Material-specific service — let parent service hub rank; city hub covers location intent
https://newarkqualityroofing.com/cedar-shake-roofing-roseland-nj,combos,Service+City combo,C,cedar-shake-roofing,roseland,NOINDEX,,Material-specific service — let parent service hub rank; city hub covers location intent
https://newarkqualityroofing.com/rubber-roofing-epdm-newark-nj,combos,Service+City combo,C,rubber-roofing-epdm,newark,NOINDEX,,Material-specific service — let parent service hub rank; city hub covers location intent
https://newarkqualityroofing.com/rubber-roofing-epdm-east-orange-nj,combos,Service+City combo,C,rubber-roofing-epdm,east-orange,NOINDEX,,Material-specific service — let parent service hub rank; city hub covers location intent
https://newarkqualityroofing.com/rubber-roofing-epdm-orange-nj,combos,Service+City combo,C,rubber-roofing-epdm,orange,NOINDEX,,Material-specific service — let parent service hub rank; city hub covers location intent
https://newarkqualityroofing.com/rubber-roofing-epdm-west-orange-nj,combos,Service+City combo,C,rubber-roofing-epdm,west-orange,NOINDEX,,Material-specific service — let parent service hub rank; city hub covers location intent
https://newarkqualityroofing.com/rubber-roofing-epdm-montclair-nj,combos,Service+City combo,C,rubber-roofing-epdm,montclair,NOINDEX,,Material-specific service — let parent service hub rank; city hub covers location intent
https://newarkqualityroofing.com/rubber-roofing-epdm-bloomfield-nj,combos,Service+City combo,C,rubber-roofing-epdm,bloomfield,NOINDEX,,Material-specific service — let parent service hub rank; city hub covers location intent
https://newarkqualityroofing.com/rubber-roofing-epdm-belleville-nj,combos,Service+City combo,C,rubber-roofing-epdm,belleville,NOINDEX,,Material-specific service — let parent service hub rank; city hub covers location intent
https://newarkqualityroofing.com/rubber-roofing-epdm-nutley-nj,combos,Service+City combo,C,rubber-roofing-epdm,nutley,NOINDEX,,Material-specific service — let parent service hub rank; city hub covers location intent
https://newarkqualityroofing.com/rubber-roofing-epdm-irvington-nj,combos,Service+City combo,C,rubber-roofing-epdm,irvington,NOINDEX,,Material-specific service — let parent service hub rank; city hub covers location intent
https://newarkqualityroofing.com/rubber-roofing-epdm-maplewood-nj,combos,Service+City combo,C,rubber-roofing-epdm,maplewood,NOINDEX,,Material-specific service — let parent service hub rank; city hub covers location intent
https://newarkqualityroofing.com/rubber-roofing-epdm-south-orange-nj,combos,Service+City combo,C,rubber-roofing-epdm,south-orange,NOINDEX,,Material-specific service — let parent service hub rank; city hub covers location intent
https://newarkqualityroofing.com/rubber-roofing-epdm-livingston-nj,combos,Service+City combo,C,rubber-roofing-epdm,livingston,NOINDEX,,Material-specific service — let parent service hub rank; city hub covers location intent
https://newarkqualityroofing.com/rubber-roofing-epdm-millburn-nj,combos,Service+City combo,C,rubber-roofing-epdm,millburn,NOINDEX,,Material-specific service — let parent service hub rank; city hub covers location intent
https://newarkqualityroofing.com/rubber-roofing-epdm-cedar-grove-nj,combos,Service+City combo,C,rubber-roofing-epdm,cedar-grove,NOINDEX,,Material-specific service — let parent service hub rank; city hub covers location intent
https://newarkqualityroofing.com/rubber-roofing-epdm-verona-nj,combos,Service+City combo,C,rubber-roofing-epdm,verona,NOINDEX,,Material-specific service — let parent service hub rank; city hub covers location intent
https://newarkqualityroofing.com/rubber-roofing-epdm-glen-ridge-nj,combos,Service+City combo,C,rubber-roofing-epdm,glen-ridge,NOINDEX,,Material-specific service — let parent service hub rank; city hub covers location intent
https://newarkqualityroofing.com/rubber-roofing-epdm-caldwell-nj,combos,Service+City combo,C,rubber-roofing-epdm,caldwell,NOINDEX,,Material-specific service — let parent service hub rank; city hub covers location intent
https://newarkqualityroofing.com/rubber-roofing-epdm-essex-fells-nj,combos,Service+City combo,C,rubber-roofing-epdm,essex-fells,NOINDEX,,Material-specific service — let parent service hub rank; city hub covers location intent
https://newarkqualityroofing.com/rubber-roofing-epdm-fairfield-nj,combos,Service+City combo,C,rubber-roofing-epdm,fairfield,NOINDEX,,Material-specific service — let parent service hub rank; city hub covers location intent
https://newarkqualityroofing.com/rubber-roofing-epdm-north-caldwell-nj,combos,Service+City combo,C,rubber-roofing-epdm,north-caldwell,NOINDEX,,Material-specific service — let parent service hub rank; city hub covers location intent
https://newarkqualityroofing.com/rubber-roofing-epdm-roseland-nj,combos,Service+City combo,C,rubber-roofing-epdm,roseland,NOINDEX,,Material-specific service — let parent service hub rank; city hub covers location intent
https://newarkqualityroofing.com/tpo-roofing-installation-newark-nj,combos,Service+City combo,B,tpo-roofing-installation,newark,KEEP-INDEX,,Important service in a top-10 Essex County city — keep with rewritten local content
https://newarkqualityroofing.com/tpo-roofing-installation-east-orange-nj,combos,Service+City combo,B,tpo-roofing-installation,east-orange,KEEP-INDEX,,Important service in a top-10 Essex County city — keep with rewritten local content
https://newarkqualityroofing.com/tpo-roofing-installation-orange-nj,combos,Service+City combo,B,tpo-roofing-installation,orange,NOINDEX,,Important service but in a low-volume city — let the parent service hub rank
https://newarkqualityroofing.com/tpo-roofing-installation-west-orange-nj,combos,Service+City combo,B,tpo-roofing-installation,west-orange,KEEP-INDEX,,Important service in a top-10 Essex County city — keep with rewritten local content
https://newarkqualityroofing.com/tpo-roofing-installation-montclair-nj,combos,Service+City combo,B,tpo-roofing-installation,montclair,KEEP-INDEX,,Important service in a top-10 Essex County city — keep with rewritten local content
https://newarkqualityroofing.com/tpo-roofing-installation-bloomfield-nj,combos,Service+City combo,B,tpo-roofing-installation,bloomfield,KEEP-INDEX,,Important service in a top-10 Essex County city — keep with rewritten local content
https://newarkqualityroofing.com/tpo-roofing-installation-belleville-nj,combos,Service+City combo,B,tpo-roofing-installation,belleville,KEEP-INDEX,,Important service in a top-10 Essex County city — keep with rewritten local content
https://newarkqualityroofing.com/tpo-roofing-installation-nutley-nj,combos,Service+City combo,B,tpo-roofing-installation,nutley,KEEP-INDEX,,Important service in a top-10 Essex County city — keep with rewritten local content
https://newarkqualityroofing.com/tpo-roofing-installation-irvington-nj,combos,Service+City combo,B,tpo-roofing-installation,irvington,KEEP-INDEX,,Important service in a top-10 Essex County city — keep with rewritten local content
https://newarkqualityroofing.com/tpo-roofing-installation-maplewood-nj,combos,Service+City combo,B,tpo-roofing-installation,maplewood,KEEP-INDEX,,Important service in a top-10 Essex County city — keep with rewritten local content
https://newarkqualityroofing.com/tpo-roofing-installation-south-orange-nj,combos,Service+City combo,B,tpo-roofing-installation,south-orange,KEEP-INDEX,,Important service in a top-10 Essex County city — keep with rewritten local content
https://newarkqualityroofing.com/tpo-roofing-installation-livingston-nj,combos,Service+City combo,B,tpo-roofing-installation,livingston,NOINDEX,,Important service but in a low-volume city — let the parent service hub rank
https://newarkqualityroofing.com/tpo-roofing-installation-millburn-nj,combos,Service+City combo,B,tpo-roofing-installation,millburn,NOINDEX,,Important service but in a low-volume city — let the parent service hub rank
https://newarkqualityroofing.com/tpo-roofing-installation-cedar-grove-nj,combos,Service+City combo,B,tpo-roofing-installation,cedar-grove,NOINDEX,,Important service but in a low-volume city — let the parent service hub rank
https://newarkqualityroofing.com/tpo-roofing-installation-verona-nj,combos,Service+City combo,B,tpo-roofing-installation,verona,NOINDEX,,Important service but in a low-volume city — let the parent service hub rank
https://newarkqualityroofing.com/tpo-roofing-installation-glen-ridge-nj,combos,Service+City combo,B,tpo-roofing-installation,glen-ridge,NOINDEX,,Important service but in a low-volume city — let the parent service hub rank
https://newarkqualityroofing.com/tpo-roofing-installation-caldwell-nj,combos,Service+City combo,B,tpo-roofing-installation,caldwell,NOINDEX,,Important service but in a low-volume city — let the parent service hub rank
https://newarkqualityroofing.com/tpo-roofing-installation-essex-fells-nj,combos,Service+City combo,B,tpo-roofing-installation,essex-fells,NOINDEX,,Important service but in a low-volume city — let the parent service hub rank
https://newarkqualityroofing.com/tpo-roofing-installation-fairfield-nj,combos,Service+City combo,B,tpo-roofing-installation,fairfield,NOINDEX,,Important service but in a low-volume city — let the parent service hub rank
https://newarkqualityroofing.com/tpo-roofing-installation-north-caldwell-nj,combos,Service+City combo,B,tpo-roofing-installation,north-caldwell,NOINDEX,,Important service but in a low-volume city — let the parent service hub rank
https://newarkqualityroofing.com/tpo-roofing-installation-roseland-nj,combos,Service+City combo,B,tpo-roofing-installation,roseland,NOINDEX,,Important service but in a low-volume city — let the parent service hub rank
https://newarkqualityroofing.com/epdm-commercial-roofing-newark-nj,combos,Service+City combo,B,epdm-commercial-roofing,newark,KEEP-INDEX,,Important service in a top-10 Essex County city — keep with rewritten local content
https://newarkqualityroofing.com/epdm-commercial-roofing-east-orange-nj,combos,Service+City combo,B,epdm-commercial-roofing,east-orange,KEEP-INDEX,,Important service in a top-10 Essex County city — keep with rewritten local content
https://newarkqualityroofing.com/epdm-commercial-roofing-orange-nj,combos,Service+City combo,B,epdm-commercial-roofing,orange,NOINDEX,,Important service but in a low-volume city — let the parent service hub rank
https://newarkqualityroofing.com/epdm-commercial-roofing-west-orange-nj,combos,Service+City combo,B,epdm-commercial-roofing,west-orange,KEEP-INDEX,,Important service in a top-10 Essex County city — keep with rewritten local content
https://newarkqualityroofing.com/epdm-commercial-roofing-montclair-nj,combos,Service+City combo,B,epdm-commercial-roofing,montclair,KEEP-INDEX,,Important service in a top-10 Essex County city — keep with rewritten local content
https://newarkqualityroofing.com/epdm-commercial-roofing-bloomfield-nj,combos,Service+City combo,B,epdm-commercial-roofing,bloomfield,KEEP-INDEX,,Important service in a top-10 Essex County city — keep with rewritten local content
https://newarkqualityroofing.com/epdm-commercial-roofing-belleville-nj,combos,Service+City combo,B,epdm-commercial-roofing,belleville,KEEP-INDEX,,Important service in a top-10 Essex County city — keep with rewritten local content
https://newarkqualityroofing.com/epdm-commercial-roofing-nutley-nj,combos,Service+City combo,B,epdm-commercial-roofing,nutley,KEEP-INDEX,,Important service in a top-10 Essex County city — keep with rewritten local content
https://newarkqualityroofing.com/epdm-commercial-roofing-irvington-nj,combos,Service+City combo,B,epdm-commercial-roofing,irvington,KEEP-INDEX,,Important service in a top-10 Essex County city — keep with rewritten local content
https://newarkqualityroofing.com/epdm-commercial-roofing-maplewood-nj,combos,Service+City combo,B,epdm-commercial-roofing,maplewood,KEEP-INDEX,,Important service in a top-10 Essex County city — keep with rewritten local content
https://newarkqualityroofing.com/epdm-commercial-roofing-south-orange-nj,combos,Service+City combo,B,epdm-commercial-roofing,south-orange,KEEP-INDEX,,Important service in a top-10 Essex County city — keep with rewritten local content
https://newarkqualityroofing.com/epdm-commercial-roofing-livingston-nj,combos,Service+City combo,B,epdm-commercial-roofing,livingston,NOINDEX,,Important service but in a low-volume city — let the parent service hub rank
https://newarkqualityroofing.com/epdm-commercial-roofing-millburn-nj,combos,Service+City combo,B,epdm-commercial-roofing,millburn,NOINDEX,,Important service but in a low-volume city — let the parent service hub rank
https://newarkqualityroofing.com/epdm-commercial-roofing-cedar-grove-nj,combos,Service+City combo,B,epdm-commercial-roofing,cedar-grove,NOINDEX,,Important service but in a low-volume city — let the parent service hub rank
https://newarkqualityroofing.com/epdm-commercial-roofing-verona-nj,combos,Service+City combo,B,epdm-commercial-roofing,verona,NOINDEX,,Important service but in a low-volume city — let the parent service hub rank
https://newarkqualityroofing.com/epdm-commercial-roofing-glen-ridge-nj,combos,Service+City combo,B,epdm-commercial-roofing,glen-ridge,NOINDEX,,Important service but in a low-volume city — let the parent service hub rank
https://newarkqualityroofing.com/epdm-commercial-roofing-caldwell-nj,combos,Service+City combo,B,epdm-commercial-roofing,caldwell,NOINDEX,,Important service but in a low-volume city — let the parent service hub rank
https://newarkqualityroofing.com/epdm-commercial-roofing-essex-fells-nj,combos,Service+City combo,B,epdm-commercial-roofing,essex-fells,NOINDEX,,Important service but in a low-volume city — let the parent service hub rank
https://newarkqualityroofing.com/epdm-commercial-roofing-fairfield-nj,combos,Service+City combo,B,epdm-commercial-roofing,fairfield,NOINDEX,,Important service but in a low-volume city — let the parent service hub rank
https://newarkqualityroofing.com/epdm-commercial-roofing-north-caldwell-nj,combos,Service+City combo,B,epdm-commercial-roofing,north-caldwell,NOINDEX,,Important service but in a low-volume city — let the parent service hub rank
https://newarkqualityroofing.com/epdm-commercial-roofing-roseland-nj,combos,Service+City combo,B,epdm-commercial-roofing,roseland,NOINDEX,,Important service but in a low-volume city — let the parent service hub rank
https://newarkqualityroofing.com/modified-bitumen-roofing-newark-nj,combos,Service+City combo,C,modified-bitumen-roofing,newark,NOINDEX,,Material-specific service — let parent service hub rank; city hub covers location intent
https://newarkqualityroofing.com/modified-bitumen-roofing-east-orange-nj,combos,Service+City combo,C,modified-bitumen-roofing,east-orange,NOINDEX,,Material-specific service — let parent service hub rank; city hub covers location intent
https://newarkqualityroofing.com/modified-bitumen-roofing-orange-nj,combos,Service+City combo,C,modified-bitumen-roofing,orange,NOINDEX,,Material-specific service — let parent service hub rank; city hub covers location intent
https://newarkqualityroofing.com/modified-bitumen-roofing-west-orange-nj,combos,Service+City combo,C,modified-bitumen-roofing,west-orange,NOINDEX,,Material-specific service — let parent service hub rank; city hub covers location intent
https://newarkqualityroofing.com/modified-bitumen-roofing-montclair-nj,combos,Service+City combo,C,modified-bitumen-roofing,montclair,NOINDEX,,Material-specific service — let parent service hub rank; city hub covers location intent
https://newarkqualityroofing.com/modified-bitumen-roofing-bloomfield-nj,combos,Service+City combo,C,modified-bitumen-roofing,bloomfield,NOINDEX,,Material-specific service — let parent service hub rank; city hub covers location intent
https://newarkqualityroofing.com/modified-bitumen-roofing-belleville-nj,combos,Service+City combo,C,modified-bitumen-roofing,belleville,NOINDEX,,Material-specific service — let parent service hub rank; city hub covers location intent
https://newarkqualityroofing.com/modified-bitumen-roofing-nutley-nj,combos,Service+City combo,C,modified-bitumen-roofing,nutley,NOINDEX,,Material-specific service — let parent service hub rank; city hub covers location intent
https://newarkqualityroofing.com/modified-bitumen-roofing-irvington-nj,combos,Service+City combo,C,modified-bitumen-roofing,irvington,NOINDEX,,Material-specific service — let parent service hub rank; city hub covers location intent
https://newarkqualityroofing.com/modified-bitumen-roofing-maplewood-nj,combos,Service+City combo,C,modified-bitumen-roofing,maplewood,NOINDEX,,Material-specific service — let parent service hub rank; city hub covers location intent
https://newarkqualityroofing.com/modified-bitumen-roofing-south-orange-nj,combos,Service+City combo,C,modified-bitumen-roofing,south-orange,NOINDEX,,Material-specific service — let parent service hub rank; city hub covers location intent
https://newarkqualityroofing.com/modified-bitumen-roofing-livingston-nj,combos,Service+City combo,C,modified-bitumen-roofing,livingston,NOINDEX,,Material-specific service — let parent service hub rank; city hub covers location intent
https://newarkqualityroofing.com/modified-bitumen-roofing-millburn-nj,combos,Service+City combo,C,modified-bitumen-roofing,millburn,NOINDEX,,Material-specific service — let parent service hub rank; city hub covers location intent
https://newarkqualityroofing.com/modified-bitumen-roofing-cedar-grove-nj,combos,Service+City combo,C,modified-bitumen-roofing,cedar-grove,NOINDEX,,Material-specific service — let parent service hub rank; city hub covers location intent
https://newarkqualityroofing.com/modified-bitumen-roofing-verona-nj,combos,Service+City combo,C,modified-bitumen-roofing,verona,NOINDEX,,Material-specific service — let parent service hub rank; city hub covers location intent
https://newarkqualityroofing.com/modified-bitumen-roofing-glen-ridge-nj,combos,Service+City combo,C,modified-bitumen-roofing,glen-ridge,NOINDEX,,Material-specific service — let parent service hub rank; city hub covers location intent
https://newarkqualityroofing.com/modified-bitumen-roofing-caldwell-nj,combos,Service+City combo,C,modified-bitumen-roofing,caldwell,NOINDEX,,Material-specific service — let parent service hub rank; city hub covers location intent
https://newarkqualityroofing.com/modified-bitumen-roofing-essex-fells-nj,combos,Service+City combo,C,modified-bitumen-roofing,essex-fells,NOINDEX,,Material-specific service — let parent service hub rank; city hub covers location intent
https://newarkqualityroofing.com/modified-bitumen-roofing-fairfield-nj,combos,Service+City combo,C,modified-bitumen-roofing,fairfield,NOINDEX,,Material-specific service — let parent service hub rank; city hub covers location intent
https://newarkqualityroofing.com/modified-bitumen-roofing-north-caldwell-nj,combos,Service+City combo,C,modified-bitumen-roofing,north-caldwell,NOINDEX,,Material-specific service — let parent service hub rank; city hub covers location intent
https://newarkqualityroofing.com/modified-bitumen-roofing-roseland-nj,combos,Service+City combo,C,modified-bitumen-roofing,roseland,NOINDEX,,Material-specific service — let parent service hub rank; city hub covers location intent
https://newarkqualityroofing.com/built-up-roofing-newark-nj,combos,Service+City combo,D,built-up-roofing,newark,NOINDEX,,Niche or component-level service with no real city-by-city demand
https://newarkqualityroofing.com/built-up-roofing-east-orange-nj,combos,Service+City combo,D,built-up-roofing,east-orange,NOINDEX,,Niche or component-level service with no real city-by-city demand
https://newarkqualityroofing.com/built-up-roofing-orange-nj,combos,Service+City combo,D,built-up-roofing,orange,NOINDEX,,Niche or component-level service with no real city-by-city demand
https://newarkqualityroofing.com/built-up-roofing-west-orange-nj,combos,Service+City combo,D,built-up-roofing,west-orange,NOINDEX,,Niche or component-level service with no real city-by-city demand
https://newarkqualityroofing.com/built-up-roofing-montclair-nj,combos,Service+City combo,D,built-up-roofing,montclair,NOINDEX,,Niche or component-level service with no real city-by-city demand
https://newarkqualityroofing.com/built-up-roofing-bloomfield-nj,combos,Service+City combo,D,built-up-roofing,bloomfield,NOINDEX,,Niche or component-level service with no real city-by-city demand
https://newarkqualityroofing.com/built-up-roofing-belleville-nj,combos,Service+City combo,D,built-up-roofing,belleville,NOINDEX,,Niche or component-level service with no real city-by-city demand
https://newarkqualityroofing.com/built-up-roofing-nutley-nj,combos,Service+City combo,D,built-up-roofing,nutley,NOINDEX,,Niche or component-level service with no real city-by-city demand
https://newarkqualityroofing.com/built-up-roofing-irvington-nj,combos,Service+City combo,D,built-up-roofing,irvington,NOINDEX,,Niche or component-level service with no real city-by-city demand
https://newarkqualityroofing.com/built-up-roofing-maplewood-nj,combos,Service+City combo,D,built-up-roofing,maplewood,NOINDEX,,Niche or component-level service with no real city-by-city demand
https://newarkqualityroofing.com/built-up-roofing-south-orange-nj,combos,Service+City combo,D,built-up-roofing,south-orange,NOINDEX,,Niche or component-level service with no real city-by-city demand
https://newarkqualityroofing.com/built-up-roofing-livingston-nj,combos,Service+City combo,D,built-up-roofing,livingston,NOINDEX,,Niche or component-level service with no real city-by-city demand
https://newarkqualityroofing.com/built-up-roofing-millburn-nj,combos,Service+City combo,D,built-up-roofing,millburn,NOINDEX,,Niche or component-level service with no real city-by-city demand
https://newarkqualityroofing.com/built-up-roofing-cedar-grove-nj,combos,Service+City combo,D,built-up-roofing,cedar-grove,NOINDEX,,Niche or component-level service with no real city-by-city demand
https://newarkqualityroofing.com/built-up-roofing-verona-nj,combos,Service+City combo,D,built-up-roofing,verona,NOINDEX,,Niche or component-level service with no real city-by-city demand
https://newarkqualityroofing.com/built-up-roofing-glen-ridge-nj,combos,Service+City combo,D,built-up-roofing,glen-ridge,NOINDEX,,Niche or component-level service with no real city-by-city demand
https://newarkqualityroofing.com/built-up-roofing-caldwell-nj,combos,Service+City combo,D,built-up-roofing,caldwell,NOINDEX,,Niche or component-level service with no real city-by-city demand
https://newarkqualityroofing.com/built-up-roofing-essex-fells-nj,combos,Service+City combo,D,built-up-roofing,essex-fells,NOINDEX,,Niche or component-level service with no real city-by-city demand
https://newarkqualityroofing.com/built-up-roofing-fairfield-nj,combos,Service+City combo,D,built-up-roofing,fairfield,NOINDEX,,Niche or component-level service with no real city-by-city demand
https://newarkqualityroofing.com/built-up-roofing-north-caldwell-nj,combos,Service+City combo,D,built-up-roofing,north-caldwell,NOINDEX,,Niche or component-level service with no real city-by-city demand
https://newarkqualityroofing.com/built-up-roofing-roseland-nj,combos,Service+City combo,D,built-up-roofing,roseland,NOINDEX,,Niche or component-level service with no real city-by-city demand
https://newarkqualityroofing.com/commercial-metal-roofing-newark-nj,combos,Service+City combo,C,commercial-metal-roofing,newark,NOINDEX,,Material-specific service — let parent service hub rank; city hub covers location intent
https://newarkqualityroofing.com/commercial-metal-roofing-east-orange-nj,combos,Service+City combo,C,commercial-metal-roofing,east-orange,NOINDEX,,Material-specific service — let parent service hub rank; city hub covers location intent
https://newarkqualityroofing.com/commercial-metal-roofing-orange-nj,combos,Service+City combo,C,commercial-metal-roofing,orange,NOINDEX,,Material-specific service — let parent service hub rank; city hub covers location intent
https://newarkqualityroofing.com/commercial-metal-roofing-west-orange-nj,combos,Service+City combo,C,commercial-metal-roofing,west-orange,NOINDEX,,Material-specific service — let parent service hub rank; city hub covers location intent
https://newarkqualityroofing.com/commercial-metal-roofing-montclair-nj,combos,Service+City combo,C,commercial-metal-roofing,montclair,NOINDEX,,Material-specific service — let parent service hub rank; city hub covers location intent
https://newarkqualityroofing.com/commercial-metal-roofing-bloomfield-nj,combos,Service+City combo,C,commercial-metal-roofing,bloomfield,NOINDEX,,Material-specific service — let parent service hub rank; city hub covers location intent
https://newarkqualityroofing.com/commercial-metal-roofing-belleville-nj,combos,Service+City combo,C,commercial-metal-roofing,belleville,NOINDEX,,Material-specific service — let parent service hub rank; city hub covers location intent
https://newarkqualityroofing.com/commercial-metal-roofing-nutley-nj,combos,Service+City combo,C,commercial-metal-roofing,nutley,NOINDEX,,Material-specific service — let parent service hub rank; city hub covers location intent
https://newarkqualityroofing.com/commercial-metal-roofing-irvington-nj,combos,Service+City combo,C,commercial-metal-roofing,irvington,NOINDEX,,Material-specific service — let parent service hub rank; city hub covers location intent
https://newarkqualityroofing.com/commercial-metal-roofing-maplewood-nj,combos,Service+City combo,C,commercial-metal-roofing,maplewood,NOINDEX,,Material-specific service — let parent service hub rank; city hub covers location intent
https://newarkqualityroofing.com/commercial-metal-roofing-south-orange-nj,combos,Service+City combo,C,commercial-metal-roofing,south-orange,NOINDEX,,Material-specific service — let parent service hub rank; city hub covers location intent
https://newarkqualityroofing.com/commercial-metal-roofing-livingston-nj,combos,Service+City combo,C,commercial-metal-roofing,livingston,NOINDEX,,Material-specific service — let parent service hub rank; city hub covers location intent
https://newarkqualityroofing.com/commercial-metal-roofing-millburn-nj,combos,Service+City combo,C,commercial-metal-roofing,millburn,NOINDEX,,Material-specific service — let parent service hub rank; city hub covers location intent
https://newarkqualityroofing.com/commercial-metal-roofing-cedar-grove-nj,combos,Service+City combo,C,commercial-metal-roofing,cedar-grove,NOINDEX,,Material-specific service — let parent service hub rank; city hub covers location intent
https://newarkqualityroofing.com/commercial-metal-roofing-verona-nj,combos,Service+City combo,C,commercial-metal-roofing,verona,NOINDEX,,Material-specific service — let parent service hub rank; city hub covers location intent
https://newarkqualityroofing.com/commercial-metal-roofing-glen-ridge-nj,combos,Service+City combo,C,commercial-metal-roofing,glen-ridge,NOINDEX,,Material-specific service — let parent service hub rank; city hub covers location intent
https://newarkqualityroofing.com/commercial-metal-roofing-caldwell-nj,combos,Service+City combo,C,commercial-metal-roofing,caldwell,NOINDEX,,Material-specific service — let parent service hub rank; city hub covers location intent
https://newarkqualityroofing.com/commercial-metal-roofing-essex-fells-nj,combos,Service+City combo,C,commercial-metal-roofing,essex-fells,NOINDEX,,Material-specific service — let parent service hub rank; city hub covers location intent
https://newarkqualityroofing.com/commercial-metal-roofing-fairfield-nj,combos,Service+City combo,C,commercial-metal-roofing,fairfield,NOINDEX,,Material-specific service — let parent service hub rank; city hub covers location intent
https://newarkqualityroofing.com/commercial-metal-roofing-north-caldwell-nj,combos,Service+City combo,C,commercial-metal-roofing,north-caldwell,NOINDEX,,Material-specific service — let parent service hub rank; city hub covers location intent
https://newarkqualityroofing.com/commercial-metal-roofing-roseland-nj,combos,Service+City combo,C,commercial-metal-roofing,roseland,NOINDEX,,Material-specific service — let parent service hub rank; city hub covers location intent
https://newarkqualityroofing.com/pvc-roofing-newark-nj,combos,Service+City combo,C,pvc-roofing,newark,NOINDEX,,Material-specific service — let parent service hub rank; city hub covers location intent
https://newarkqualityroofing.com/pvc-roofing-east-orange-nj,combos,Service+City combo,C,pvc-roofing,east-orange,NOINDEX,,Material-specific service — let parent service hub rank; city hub covers location intent
https://newarkqualityroofing.com/pvc-roofing-orange-nj,combos,Service+City combo,C,pvc-roofing,orange,NOINDEX,,Material-specific service — let parent service hub rank; city hub covers location intent
https://newarkqualityroofing.com/pvc-roofing-west-orange-nj,combos,Service+City combo,C,pvc-roofing,west-orange,NOINDEX,,Material-specific service — let parent service hub rank; city hub covers location intent
https://newarkqualityroofing.com/pvc-roofing-montclair-nj,combos,Service+City combo,C,pvc-roofing,montclair,NOINDEX,,Material-specific service — let parent service hub rank; city hub covers location intent
https://newarkqualityroofing.com/pvc-roofing-bloomfield-nj,combos,Service+City combo,C,pvc-roofing,bloomfield,NOINDEX,,Material-specific service — let parent service hub rank; city hub covers location intent
https://newarkqualityroofing.com/pvc-roofing-belleville-nj,combos,Service+City combo,C,pvc-roofing,belleville,NOINDEX,,Material-specific service — let parent service hub rank; city hub covers location intent
https://newarkqualityroofing.com/pvc-roofing-nutley-nj,combos,Service+City combo,C,pvc-roofing,nutley,NOINDEX,,Material-specific service — let parent service hub rank; city hub covers location intent
https://newarkqualityroofing.com/pvc-roofing-irvington-nj,combos,Service+City combo,C,pvc-roofing,irvington,NOINDEX,,Material-specific service — let parent service hub rank; city hub covers location intent
https://newarkqualityroofing.com/pvc-roofing-maplewood-nj,combos,Service+City combo,C,pvc-roofing,maplewood,NOINDEX,,Material-specific service — let parent service hub rank; city hub covers location intent
https://newarkqualityroofing.com/pvc-roofing-south-orange-nj,combos,Service+City combo,C,pvc-roofing,south-orange,NOINDEX,,Material-specific service — let parent service hub rank; city hub covers location intent
https://newarkqualityroofing.com/pvc-roofing-livingston-nj,combos,Service+City combo,C,pvc-roofing,livingston,NOINDEX,,Material-specific service — let parent service hub rank; city hub covers location intent
https://newarkqualityroofing.com/pvc-roofing-millburn-nj,combos,Service+City combo,C,pvc-roofing,millburn,NOINDEX,,Material-specific service — let parent service hub rank; city hub covers location intent
https://newarkqualityroofing.com/pvc-roofing-cedar-grove-nj,combos,Service+City combo,C,pvc-roofing,cedar-grove,NOINDEX,,Material-specific service — let parent service hub rank; city hub covers location intent
https://newarkqualityroofing.com/pvc-roofing-verona-nj,combos,Service+City combo,C,pvc-roofing,verona,NOINDEX,,Material-specific service — let parent service hub rank; city hub covers location intent
https://newarkqualityroofing.com/pvc-roofing-glen-ridge-nj,combos,Service+City combo,C,pvc-roofing,glen-ridge,NOINDEX,,Material-specific service — let parent service hub rank; city hub covers location intent
https://newarkqualityroofing.com/pvc-roofing-caldwell-nj,combos,Service+City combo,C,pvc-roofing,caldwell,NOINDEX,,Material-specific service — let parent service hub rank; city hub covers location intent
https://newarkqualityroofing.com/pvc-roofing-essex-fells-nj,combos,Service+City combo,C,pvc-roofing,essex-fells,NOINDEX,,Material-specific service — let parent service hub rank; city hub covers location intent
https://newarkqualityroofing.com/pvc-roofing-fairfield-nj,combos,Service+City combo,C,pvc-roofing,fairfield,NOINDEX,,Material-specific service — let parent service hub rank; city hub covers location intent
https://newarkqualityroofing.com/pvc-roofing-north-caldwell-nj,combos,Service+City combo,C,pvc-roofing,north-caldwell,NOINDEX,,Material-specific service — let parent service hub rank; city hub covers location intent
https://newarkqualityroofing.com/pvc-roofing-roseland-nj,combos,Service+City combo,C,pvc-roofing,roseland,NOINDEX,,Material-specific service — let parent service hub rank; city hub covers location intent
https://newarkqualityroofing.com/green-roof-installation-newark-nj,combos,Service+City combo,D,green-roof-installation,newark,NOINDEX,,Niche or component-level service with no real city-by-city demand
https://newarkqualityroofing.com/green-roof-installation-east-orange-nj,combos,Service+City combo,D,green-roof-installation,east-orange,NOINDEX,,Niche or component-level service with no real city-by-city demand
https://newarkqualityroofing.com/green-roof-installation-orange-nj,combos,Service+City combo,D,green-roof-installation,orange,NOINDEX,,Niche or component-level service with no real city-by-city demand
https://newarkqualityroofing.com/green-roof-installation-west-orange-nj,combos,Service+City combo,D,green-roof-installation,west-orange,NOINDEX,,Niche or component-level service with no real city-by-city demand
https://newarkqualityroofing.com/green-roof-installation-montclair-nj,combos,Service+City combo,D,green-roof-installation,montclair,NOINDEX,,Niche or component-level service with no real city-by-city demand
https://newarkqualityroofing.com/green-roof-installation-bloomfield-nj,combos,Service+City combo,D,green-roof-installation,bloomfield,NOINDEX,,Niche or component-level service with no real city-by-city demand
https://newarkqualityroofing.com/green-roof-installation-belleville-nj,combos,Service+City combo,D,green-roof-installation,belleville,NOINDEX,,Niche or component-level service with no real city-by-city demand
https://newarkqualityroofing.com/green-roof-installation-nutley-nj,combos,Service+City combo,D,green-roof-installation,nutley,NOINDEX,,Niche or component-level service with no real city-by-city demand
https://newarkqualityroofing.com/green-roof-installation-irvington-nj,combos,Service+City combo,D,green-roof-installation,irvington,NOINDEX,,Niche or component-level service with no real city-by-city demand
https://newarkqualityroofing.com/green-roof-installation-maplewood-nj,combos,Service+City combo,D,green-roof-installation,maplewood,NOINDEX,,Niche or component-level service with no real city-by-city demand
https://newarkqualityroofing.com/green-roof-installation-south-orange-nj,combos,Service+City combo,D,green-roof-installation,south-orange,NOINDEX,,Niche or component-level service with no real city-by-city demand
https://newarkqualityroofing.com/green-roof-installation-livingston-nj,combos,Service+City combo,D,green-roof-installation,livingston,NOINDEX,,Niche or component-level service with no real city-by-city demand
https://newarkqualityroofing.com/green-roof-installation-millburn-nj,combos,Service+City combo,D,green-roof-installation,millburn,NOINDEX,,Niche or component-level service with no real city-by-city demand
https://newarkqualityroofing.com/green-roof-installation-cedar-grove-nj,combos,Service+City combo,D,green-roof-installation,cedar-grove,NOINDEX,,Niche or component-level service with no real city-by-city demand
https://newarkqualityroofing.com/green-roof-installation-verona-nj,combos,Service+City combo,D,green-roof-installation,verona,NOINDEX,,Niche or component-level service with no real city-by-city demand
https://newarkqualityroofing.com/green-roof-installation-glen-ridge-nj,combos,Service+City combo,D,green-roof-installation,glen-ridge,NOINDEX,,Niche or component-level service with no real city-by-city demand
https://newarkqualityroofing.com/green-roof-installation-caldwell-nj,combos,Service+City combo,D,green-roof-installation,caldwell,NOINDEX,,Niche or component-level service with no real city-by-city demand
https://newarkqualityroofing.com/green-roof-installation-essex-fells-nj,combos,Service+City combo,D,green-roof-installation,essex-fells,NOINDEX,,Niche or component-level service with no real city-by-city demand
https://newarkqualityroofing.com/green-roof-installation-fairfield-nj,combos,Service+City combo,D,green-roof-installation,fairfield,NOINDEX,,Niche or component-level service with no real city-by-city demand
https://newarkqualityroofing.com/green-roof-installation-north-caldwell-nj,combos,Service+City combo,D,green-roof-installation,north-caldwell,NOINDEX,,Niche or component-level service with no real city-by-city demand
https://newarkqualityroofing.com/green-roof-installation-roseland-nj,combos,Service+City combo,D,green-roof-installation,roseland,NOINDEX,,Niche or component-level service with no real city-by-city demand
https://newarkqualityroofing.com/spray-foam-roofing-newark-nj,combos,Service+City combo,D,spray-foam-roofing,newark,NOINDEX,,Niche or component-level service with no real city-by-city demand
https://newarkqualityroofing.com/spray-foam-roofing-east-orange-nj,combos,Service+City combo,D,spray-foam-roofing,east-orange,NOINDEX,,Niche or component-level service with no real city-by-city demand
https://newarkqualityroofing.com/spray-foam-roofing-orange-nj,combos,Service+City combo,D,spray-foam-roofing,orange,NOINDEX,,Niche or component-level service with no real city-by-city demand
https://newarkqualityroofing.com/spray-foam-roofing-west-orange-nj,combos,Service+City combo,D,spray-foam-roofing,west-orange,NOINDEX,,Niche or component-level service with no real city-by-city demand
https://newarkqualityroofing.com/spray-foam-roofing-montclair-nj,combos,Service+City combo,D,spray-foam-roofing,montclair,NOINDEX,,Niche or component-level service with no real city-by-city demand
https://newarkqualityroofing.com/spray-foam-roofing-bloomfield-nj,combos,Service+City combo,D,spray-foam-roofing,bloomfield,NOINDEX,,Niche or component-level service with no real city-by-city demand
https://newarkqualityroofing.com/spray-foam-roofing-belleville-nj,combos,Service+City combo,D,spray-foam-roofing,belleville,NOINDEX,,Niche or component-level service with no real city-by-city demand
https://newarkqualityroofing.com/spray-foam-roofing-nutley-nj,combos,Service+City combo,D,spray-foam-roofing,nutley,NOINDEX,,Niche or component-level service with no real city-by-city demand
https://newarkqualityroofing.com/spray-foam-roofing-irvington-nj,combos,Service+City combo,D,spray-foam-roofing,irvington,NOINDEX,,Niche or component-level service with no real city-by-city demand
https://newarkqualityroofing.com/spray-foam-roofing-maplewood-nj,combos,Service+City combo,D,spray-foam-roofing,maplewood,NOINDEX,,Niche or component-level service with no real city-by-city demand
https://newarkqualityroofing.com/spray-foam-roofing-south-orange-nj,combos,Service+City combo,D,spray-foam-roofing,south-orange,NOINDEX,,Niche or component-level service with no real city-by-city demand
https://newarkqualityroofing.com/spray-foam-roofing-livingston-nj,combos,Service+City combo,D,spray-foam-roofing,livingston,NOINDEX,,Niche or component-level service with no real city-by-city demand
https://newarkqualityroofing.com/spray-foam-roofing-millburn-nj,combos,Service+City combo,D,spray-foam-roofing,millburn,NOINDEX,,Niche or component-level service with no real city-by-city demand
https://newarkqualityroofing.com/spray-foam-roofing-cedar-grove-nj,combos,Service+City combo,D,spray-foam-roofing,cedar-grove,NOINDEX,,Niche or component-level service with no real city-by-city demand
https://newarkqualityroofing.com/spray-foam-roofing-verona-nj,combos,Service+City combo,D,spray-foam-roofing,verona,NOINDEX,,Niche or component-level service with no real city-by-city demand
https://newarkqualityroofing.com/spray-foam-roofing-glen-ridge-nj,combos,Service+City combo,D,spray-foam-roofing,glen-ridge,NOINDEX,,Niche or component-level service with no real city-by-city demand
https://newarkqualityroofing.com/spray-foam-roofing-caldwell-nj,combos,Service+City combo,D,spray-foam-roofing,caldwell,NOINDEX,,Niche or component-level service with no real city-by-city demand
https://newarkqualityroofing.com/spray-foam-roofing-essex-fells-nj,combos,Service+City combo,D,spray-foam-roofing,essex-fells,NOINDEX,,Niche or component-level service with no real city-by-city demand
https://newarkqualityroofing.com/spray-foam-roofing-fairfield-nj,combos,Service+City combo,D,spray-foam-roofing,fairfield,NOINDEX,,Niche or component-level service with no real city-by-city demand
https://newarkqualityroofing.com/spray-foam-roofing-north-caldwell-nj,combos,Service+City combo,D,spray-foam-roofing,north-caldwell,NOINDEX,,Niche or component-level service with no real city-by-city demand
https://newarkqualityroofing.com/spray-foam-roofing-roseland-nj,combos,Service+City combo,D,spray-foam-roofing,roseland,NOINDEX,,Niche or component-level service with no real city-by-city demand
https://newarkqualityroofing.com/roof-flashing-installation-repair-newark-nj,combos,Service+City combo,D,roof-flashing-installation-repair,newark,NOINDEX,,Niche or component-level service with no real city-by-city demand
https://newarkqualityroofing.com/roof-flashing-installation-repair-east-orange-nj,combos,Service+City combo,D,roof-flashing-installation-repair,east-orange,NOINDEX,,Niche or component-level service with no real city-by-city demand
https://newarkqualityroofing.com/roof-flashing-installation-repair-orange-nj,combos,Service+City combo,D,roof-flashing-installation-repair,orange,NOINDEX,,Niche or component-level service with no real city-by-city demand
https://newarkqualityroofing.com/roof-flashing-installation-repair-west-orange-nj,combos,Service+City combo,D,roof-flashing-installation-repair,west-orange,NOINDEX,,Niche or component-level service with no real city-by-city demand
https://newarkqualityroofing.com/roof-flashing-installation-repair-montclair-nj,combos,Service+City combo,D,roof-flashing-installation-repair,montclair,NOINDEX,,Niche or component-level service with no real city-by-city demand
https://newarkqualityroofing.com/roof-flashing-installation-repair-bloomfield-nj,combos,Service+City combo,D,roof-flashing-installation-repair,bloomfield,NOINDEX,,Niche or component-level service with no real city-by-city demand
https://newarkqualityroofing.com/roof-flashing-installation-repair-belleville-nj,combos,Service+City combo,D,roof-flashing-installation-repair,belleville,NOINDEX,,Niche or component-level service with no real city-by-city demand
https://newarkqualityroofing.com/roof-flashing-installation-repair-nutley-nj,combos,Service+City combo,D,roof-flashing-installation-repair,nutley,NOINDEX,,Niche or component-level service with no real city-by-city demand
https://newarkqualityroofing.com/roof-flashing-installation-repair-irvington-nj,combos,Service+City combo,D,roof-flashing-installation-repair,irvington,NOINDEX,,Niche or component-level service with no real city-by-city demand
https://newarkqualityroofing.com/roof-flashing-installation-repair-maplewood-nj,combos,Service+City combo,D,roof-flashing-installation-repair,maplewood,NOINDEX,,Niche or component-level service with no real city-by-city demand
https://newarkqualityroofing.com/roof-flashing-installation-repair-south-orange-nj,combos,Service+City combo,D,roof-flashing-installation-repair,south-orange,NOINDEX,,Niche or component-level service with no real city-by-city demand
https://newarkqualityroofing.com/roof-flashing-installation-repair-livingston-nj,combos,Service+City combo,D,roof-flashing-installation-repair,livingston,NOINDEX,,Niche or component-level service with no real city-by-city demand
https://newarkqualityroofing.com/roof-flashing-installation-repair-millburn-nj,combos,Service+City combo,D,roof-flashing-installation-repair,millburn,NOINDEX,,Niche or component-level service with no real city-by-city demand
https://newarkqualityroofing.com/roof-flashing-installation-repair-cedar-grove-nj,combos,Service+City combo,D,roof-flashing-installation-repair,cedar-grove,NOINDEX,,Niche or component-level service with no real city-by-city demand
https://newarkqualityroofing.com/roof-flashing-installation-repair-verona-nj,combos,Service+City combo,D,roof-flashing-installation-repair,verona,NOINDEX,,Niche or component-level service with no real city-by-city demand
https://newarkqualityroofing.com/roof-flashing-installation-repair-glen-ridge-nj,combos,Service+City combo,D,roof-flashing-installation-repair,glen-ridge,NOINDEX,,Niche or component-level service with no real city-by-city demand
https://newarkqualityroofing.com/roof-flashing-installation-repair-caldwell-nj,combos,Service+City combo,D,roof-flashing-installation-repair,caldwell,NOINDEX,,Niche or component-level service with no real city-by-city demand
https://newarkqualityroofing.com/roof-flashing-installation-repair-essex-fells-nj,combos,Service+City combo,D,roof-flashing-installation-repair,essex-fells,NOINDEX,,Niche or component-level service with no real city-by-city demand
https://newarkqualityroofing.com/roof-flashing-installation-repair-fairfield-nj,combos,Service+City combo,D,roof-flashing-installation-repair,fairfield,NOINDEX,,Niche or component-level service with no real city-by-city demand
https://newarkqualityroofing.com/roof-flashing-installation-repair-north-caldwell-nj,combos,Service+City combo,D,roof-flashing-installation-repair,north-caldwell,NOINDEX,,Niche or component-level service with no real city-by-city demand
https://newarkqualityroofing.com/roof-flashing-installation-repair-roseland-nj,combos,Service+City combo,D,roof-flashing-installation-repair,roseland,NOINDEX,,Niche or component-level service with no real city-by-city demand
https://newarkqualityroofing.com/chimney-flashing-repair-newark-nj,combos,Service+City combo,B,chimney-flashing-repair,newark,KEEP-INDEX,,Important service in a top-10 Essex County city — keep with rewritten local content
https://newarkqualityroofing.com/chimney-flashing-repair-east-orange-nj,combos,Service+City combo,B,chimney-flashing-repair,east-orange,KEEP-INDEX,,Important service in a top-10 Essex County city — keep with rewritten local content
https://newarkqualityroofing.com/chimney-flashing-repair-orange-nj,combos,Service+City combo,B,chimney-flashing-repair,orange,NOINDEX,,Important service but in a low-volume city — let the parent service hub rank
https://newarkqualityroofing.com/chimney-flashing-repair-west-orange-nj,combos,Service+City combo,B,chimney-flashing-repair,west-orange,KEEP-INDEX,,Important service in a top-10 Essex County city — keep with rewritten local content
https://newarkqualityroofing.com/chimney-flashing-repair-montclair-nj,combos,Service+City combo,B,chimney-flashing-repair,montclair,KEEP-INDEX,,Important service in a top-10 Essex County city — keep with rewritten local content
https://newarkqualityroofing.com/chimney-flashing-repair-bloomfield-nj,combos,Service+City combo,B,chimney-flashing-repair,bloomfield,KEEP-INDEX,,Important service in a top-10 Essex County city — keep with rewritten local content
https://newarkqualityroofing.com/chimney-flashing-repair-belleville-nj,combos,Service+City combo,B,chimney-flashing-repair,belleville,KEEP-INDEX,,Important service in a top-10 Essex County city — keep with rewritten local content
https://newarkqualityroofing.com/chimney-flashing-repair-nutley-nj,combos,Service+City combo,B,chimney-flashing-repair,nutley,KEEP-INDEX,,Important service in a top-10 Essex County city — keep with rewritten local content
https://newarkqualityroofing.com/chimney-flashing-repair-irvington-nj,combos,Service+City combo,B,chimney-flashing-repair,irvington,KEEP-INDEX,,Important service in a top-10 Essex County city — keep with rewritten local content
https://newarkqualityroofing.com/chimney-flashing-repair-maplewood-nj,combos,Service+City combo,B,chimney-flashing-repair,maplewood,KEEP-INDEX,,Important service in a top-10 Essex County city — keep with rewritten local content
https://newarkqualityroofing.com/chimney-flashing-repair-south-orange-nj,combos,Service+City combo,B,chimney-flashing-repair,south-orange,KEEP-INDEX,,Important service in a top-10 Essex County city — keep with rewritten local content
https://newarkqualityroofing.com/chimney-flashing-repair-livingston-nj,combos,Service+City combo,B,chimney-flashing-repair,livingston,NOINDEX,,Important service but in a low-volume city — let the parent service hub rank
https://newarkqualityroofing.com/chimney-flashing-repair-millburn-nj,combos,Service+City combo,B,chimney-flashing-repair,millburn,NOINDEX,,Important service but in a low-volume city — let the parent service hub rank
https://newarkqualityroofing.com/chimney-flashing-repair-cedar-grove-nj,combos,Service+City combo,B,chimney-flashing-repair,cedar-grove,NOINDEX,,Important service but in a low-volume city — let the parent service hub rank
https://newarkqualityroofing.com/chimney-flashing-repair-verona-nj,combos,Service+City combo,B,chimney-flashing-repair,verona,NOINDEX,,Important service but in a low-volume city — let the parent service hub rank
https://newarkqualityroofing.com/chimney-flashing-repair-glen-ridge-nj,combos,Service+City combo,B,chimney-flashing-repair,glen-ridge,NOINDEX,,Important service but in a low-volume city — let the parent service hub rank
https://newarkqualityroofing.com/chimney-flashing-repair-caldwell-nj,combos,Service+City combo,B,chimney-flashing-repair,caldwell,NOINDEX,,Important service but in a low-volume city — let the parent service hub rank
https://newarkqualityroofing.com/chimney-flashing-repair-essex-fells-nj,combos,Service+City combo,B,chimney-flashing-repair,essex-fells,NOINDEX,,Important service but in a low-volume city — let the parent service hub rank
https://newarkqualityroofing.com/chimney-flashing-repair-fairfield-nj,combos,Service+City combo,B,chimney-flashing-repair,fairfield,NOINDEX,,Important service but in a low-volume city — let the parent service hub rank
https://newarkqualityroofing.com/chimney-flashing-repair-north-caldwell-nj,combos,Service+City combo,B,chimney-flashing-repair,north-caldwell,NOINDEX,,Important service but in a low-volume city — let the parent service hub rank
https://newarkqualityroofing.com/chimney-flashing-repair-roseland-nj,combos,Service+City combo,B,chimney-flashing-repair,roseland,NOINDEX,,Important service but in a low-volume city — let the parent service hub rank
https://newarkqualityroofing.com/gutter-installation-repair-newark-nj,combos,Service+City combo,B,gutter-installation-repair,newark,KEEP-INDEX,,Important service in a top-10 Essex County city — keep with rewritten local content
https://newarkqualityroofing.com/gutter-installation-repair-east-orange-nj,combos,Service+City combo,B,gutter-installation-repair,east-orange,KEEP-INDEX,,Important service in a top-10 Essex County city — keep with rewritten local content
https://newarkqualityroofing.com/gutter-installation-repair-orange-nj,combos,Service+City combo,B,gutter-installation-repair,orange,NOINDEX,,Important service but in a low-volume city — let the parent service hub rank
https://newarkqualityroofing.com/gutter-installation-repair-west-orange-nj,combos,Service+City combo,B,gutter-installation-repair,west-orange,KEEP-INDEX,,Important service in a top-10 Essex County city — keep with rewritten local content
https://newarkqualityroofing.com/gutter-installation-repair-montclair-nj,combos,Service+City combo,B,gutter-installation-repair,montclair,KEEP-INDEX,,Important service in a top-10 Essex County city — keep with rewritten local content
https://newarkqualityroofing.com/gutter-installation-repair-bloomfield-nj,combos,Service+City combo,B,gutter-installation-repair,bloomfield,KEEP-INDEX,,Important service in a top-10 Essex County city — keep with rewritten local content
https://newarkqualityroofing.com/gutter-installation-repair-belleville-nj,combos,Service+City combo,B,gutter-installation-repair,belleville,KEEP-INDEX,,Important service in a top-10 Essex County city — keep with rewritten local content
https://newarkqualityroofing.com/gutter-installation-repair-nutley-nj,combos,Service+City combo,B,gutter-installation-repair,nutley,KEEP-INDEX,,Important service in a top-10 Essex County city — keep with rewritten local content
https://newarkqualityroofing.com/gutter-installation-repair-irvington-nj,combos,Service+City combo,B,gutter-installation-repair,irvington,KEEP-INDEX,,Important service in a top-10 Essex County city — keep with rewritten local content
https://newarkqualityroofing.com/gutter-installation-repair-maplewood-nj,combos,Service+City combo,B,gutter-installation-repair,maplewood,KEEP-INDEX,,Important service in a top-10 Essex County city — keep with rewritten local content
https://newarkqualityroofing.com/gutter-installation-repair-south-orange-nj,combos,Service+City combo,B,gutter-installation-repair,south-orange,KEEP-INDEX,,Important service in a top-10 Essex County city — keep with rewritten local content
https://newarkqualityroofing.com/gutter-installation-repair-livingston-nj,combos,Service+City combo,B,gutter-installation-repair,livingston,NOINDEX,,Important service but in a low-volume city — let the parent service hub rank
https://newarkqualityroofing.com/gutter-installation-repair-millburn-nj,combos,Service+City combo,B,gutter-installation-repair,millburn,NOINDEX,,Important service but in a low-volume city — let the parent service hub rank
https://newarkqualityroofing.com/gutter-installation-repair-cedar-grove-nj,combos,Service+City combo,B,gutter-installation-repair,cedar-grove,NOINDEX,,Important service but in a low-volume city — let the parent service hub rank
https://newarkqualityroofing.com/gutter-installation-repair-verona-nj,combos,Service+City combo,B,gutter-installation-repair,verona,NOINDEX,,Important service but in a low-volume city — let the parent service hub rank
https://newarkqualityroofing.com/gutter-installation-repair-glen-ridge-nj,combos,Service+City combo,B,gutter-installation-repair,glen-ridge,NOINDEX,,Important service but in a low-volume city — let the parent service hub rank
https://newarkqualityroofing.com/gutter-installation-repair-caldwell-nj,combos,Service+City combo,B,gutter-installation-repair,caldwell,NOINDEX,,Important service but in a low-volume city — let the parent service hub rank
https://newarkqualityroofing.com/gutter-installation-repair-essex-fells-nj,combos,Service+City combo,B,gutter-installation-repair,essex-fells,NOINDEX,,Important service but in a low-volume city — let the parent service hub rank
https://newarkqualityroofing.com/gutter-installation-repair-fairfield-nj,combos,Service+City combo,B,gutter-installation-repair,fairfield,NOINDEX,,Important service but in a low-volume city — let the parent service hub rank
https://newarkqualityroofing.com/gutter-installation-repair-north-caldwell-nj,combos,Service+City combo,B,gutter-installation-repair,north-caldwell,NOINDEX,,Important service but in a low-volume city — let the parent service hub rank
https://newarkqualityroofing.com/gutter-installation-repair-roseland-nj,combos,Service+City combo,B,gutter-installation-repair,roseland,NOINDEX,,Important service but in a low-volume city — let the parent service hub rank
https://newarkqualityroofing.com/gutter-guard-installation-newark-nj,combos,Service+City combo,D,gutter-guard-installation,newark,NOINDEX,,Niche or component-level service with no real city-by-city demand
https://newarkqualityroofing.com/gutter-guard-installation-east-orange-nj,combos,Service+City combo,D,gutter-guard-installation,east-orange,NOINDEX,,Niche or component-level service with no real city-by-city demand
https://newarkqualityroofing.com/gutter-guard-installation-orange-nj,combos,Service+City combo,D,gutter-guard-installation,orange,NOINDEX,,Niche or component-level service with no real city-by-city demand
https://newarkqualityroofing.com/gutter-guard-installation-west-orange-nj,combos,Service+City combo,D,gutter-guard-installation,west-orange,NOINDEX,,Niche or component-level service with no real city-by-city demand
https://newarkqualityroofing.com/gutter-guard-installation-montclair-nj,combos,Service+City combo,D,gutter-guard-installation,montclair,NOINDEX,,Niche or component-level service with no real city-by-city demand
https://newarkqualityroofing.com/gutter-guard-installation-bloomfield-nj,combos,Service+City combo,D,gutter-guard-installation,bloomfield,NOINDEX,,Niche or component-level service with no real city-by-city demand
https://newarkqualityroofing.com/gutter-guard-installation-belleville-nj,combos,Service+City combo,D,gutter-guard-installation,belleville,NOINDEX,,Niche or component-level service with no real city-by-city demand
https://newarkqualityroofing.com/gutter-guard-installation-nutley-nj,combos,Service+City combo,D,gutter-guard-installation,nutley,NOINDEX,,Niche or component-level service with no real city-by-city demand
https://newarkqualityroofing.com/gutter-guard-installation-irvington-nj,combos,Service+City combo,D,gutter-guard-installation,irvington,NOINDEX,,Niche or component-level service with no real city-by-city demand
https://newarkqualityroofing.com/gutter-guard-installation-maplewood-nj,combos,Service+City combo,D,gutter-guard-installation,maplewood,NOINDEX,,Niche or component-level service with no real city-by-city demand
https://newarkqualityroofing.com/gutter-guard-installation-south-orange-nj,combos,Service+City combo,D,gutter-guard-installation,south-orange,NOINDEX,,Niche or component-level service with no real city-by-city demand
https://newarkqualityroofing.com/gutter-guard-installation-livingston-nj,combos,Service+City combo,D,gutter-guard-installation,livingston,NOINDEX,,Niche or component-level service with no real city-by-city demand
https://newarkqualityroofing.com/gutter-guard-installation-millburn-nj,combos,Service+City combo,D,gutter-guard-installation,millburn,NOINDEX,,Niche or component-level service with no real city-by-city demand
https://newarkqualityroofing.com/gutter-guard-installation-cedar-grove-nj,combos,Service+City combo,D,gutter-guard-installation,cedar-grove,NOINDEX,,Niche or component-level service with no real city-by-city demand
https://newarkqualityroofing.com/gutter-guard-installation-verona-nj,combos,Service+City combo,D,gutter-guard-installation,verona,NOINDEX,,Niche or component-level service with no real city-by-city demand
https://newarkqualityroofing.com/gutter-guard-installation-glen-ridge-nj,combos,Service+City combo,D,gutter-guard-installation,glen-ridge,NOINDEX,,Niche or component-level service with no real city-by-city demand
https://newarkqualityroofing.com/gutter-guard-installation-caldwell-nj,combos,Service+City combo,D,gutter-guard-installation,caldwell,NOINDEX,,Niche or component-level service with no real city-by-city demand
https://newarkqualityroofing.com/gutter-guard-installation-essex-fells-nj,combos,Service+City combo,D,gutter-guard-installation,essex-fells,NOINDEX,,Niche or component-level service with no real city-by-city demand
https://newarkqualityroofing.com/gutter-guard-installation-fairfield-nj,combos,Service+City combo,D,gutter-guard-installation,fairfield,NOINDEX,,Niche or component-level service with no real city-by-city demand
https://newarkqualityroofing.com/gutter-guard-installation-north-caldwell-nj,combos,Service+City combo,D,gutter-guard-installation,north-caldwell,NOINDEX,,Niche or component-level service with no real city-by-city demand
https://newarkqualityroofing.com/gutter-guard-installation-roseland-nj,combos,Service+City combo,D,gutter-guard-installation,roseland,NOINDEX,,Niche or component-level service with no real city-by-city demand
https://newarkqualityroofing.com/skylight-installation-repair-newark-nj,combos,Service+City combo,D,skylight-installation-repair,newark,NOINDEX,,Niche or component-level service with no real city-by-city demand
https://newarkqualityroofing.com/skylight-installation-repair-east-orange-nj,combos,Service+City combo,D,skylight-installation-repair,east-orange,NOINDEX,,Niche or component-level service with no real city-by-city demand
https://newarkqualityroofing.com/skylight-installation-repair-orange-nj,combos,Service+City combo,D,skylight-installation-repair,orange,NOINDEX,,Niche or component-level service with no real city-by-city demand
https://newarkqualityroofing.com/skylight-installation-repair-west-orange-nj,combos,Service+City combo,D,skylight-installation-repair,west-orange,NOINDEX,,Niche or component-level service with no real city-by-city demand
https://newarkqualityroofing.com/skylight-installation-repair-montclair-nj,combos,Service+City combo,D,skylight-installation-repair,montclair,NOINDEX,,Niche or component-level service with no real city-by-city demand
https://newarkqualityroofing.com/skylight-installation-repair-bloomfield-nj,combos,Service+City combo,D,skylight-installation-repair,bloomfield,NOINDEX,,Niche or component-level service with no real city-by-city demand
https://newarkqualityroofing.com/skylight-installation-repair-belleville-nj,combos,Service+City combo,D,skylight-installation-repair,belleville,NOINDEX,,Niche or component-level service with no real city-by-city demand
https://newarkqualityroofing.com/skylight-installation-repair-nutley-nj,combos,Service+City combo,D,skylight-installation-repair,nutley,NOINDEX,,Niche or component-level service with no real city-by-city demand
https://newarkqualityroofing.com/skylight-installation-repair-irvington-nj,combos,Service+City combo,D,skylight-installation-repair,irvington,NOINDEX,,Niche or component-level service with no real city-by-city demand
https://newarkqualityroofing.com/skylight-installation-repair-maplewood-nj,combos,Service+City combo,D,skylight-installation-repair,maplewood,NOINDEX,,Niche or component-level service with no real city-by-city demand
https://newarkqualityroofing.com/skylight-installation-repair-south-orange-nj,combos,Service+City combo,D,skylight-installation-repair,south-orange,NOINDEX,,Niche or component-level service with no real city-by-city demand
https://newarkqualityroofing.com/skylight-installation-repair-livingston-nj,combos,Service+City combo,D,skylight-installation-repair,livingston,NOINDEX,,Niche or component-level service with no real city-by-city demand
https://newarkqualityroofing.com/skylight-installation-repair-millburn-nj,combos,Service+City combo,D,skylight-installation-repair,millburn,NOINDEX,,Niche or component-level service with no real city-by-city demand
https://newarkqualityroofing.com/skylight-installation-repair-cedar-grove-nj,combos,Service+City combo,D,skylight-installation-repair,cedar-grove,NOINDEX,,Niche or component-level service with no real city-by-city demand
https://newarkqualityroofing.com/skylight-installation-repair-verona-nj,combos,Service+City combo,D,skylight-installation-repair,verona,NOINDEX,,Niche or component-level service with no real city-by-city demand
https://newarkqualityroofing.com/skylight-installation-repair-glen-ridge-nj,combos,Service+City combo,D,skylight-installation-repair,glen-ridge,NOINDEX,,Niche or component-level service with no real city-by-city demand
https://newarkqualityroofing.com/skylight-installation-repair-caldwell-nj,combos,Service+City combo,D,skylight-installation-repair,caldwell,NOINDEX,,Niche or component-level service with no real city-by-city demand
https://newarkqualityroofing.com/skylight-installation-repair-essex-fells-nj,combos,Service+City combo,D,skylight-installation-repair,essex-fells,NOINDEX,,Niche or component-level service with no real city-by-city demand
https://newarkqualityroofing.com/skylight-installation-repair-fairfield-nj,combos,Service+City combo,D,skylight-installation-repair,fairfield,NOINDEX,,Niche or component-level service with no real city-by-city demand
https://newarkqualityroofing.com/skylight-installation-repair-north-caldwell-nj,combos,Service+City combo,D,skylight-installation-repair,north-caldwell,NOINDEX,,Niche or component-level service with no real city-by-city demand
https://newarkqualityroofing.com/skylight-installation-repair-roseland-nj,combos,Service+City combo,D,skylight-installation-repair,roseland,NOINDEX,,Niche or component-level service with no real city-by-city demand
https://newarkqualityroofing.com/fascia-installation-repair-newark-nj,combos,Service+City combo,D,fascia-installation-repair,newark,NOINDEX,,Niche or component-level service with no real city-by-city demand
https://newarkqualityroofing.com/fascia-installation-repair-east-orange-nj,combos,Service+City combo,D,fascia-installation-repair,east-orange,NOINDEX,,Niche or component-level service with no real city-by-city demand
https://newarkqualityroofing.com/fascia-installation-repair-orange-nj,combos,Service+City combo,D,fascia-installation-repair,orange,NOINDEX,,Niche or component-level service with no real city-by-city demand
https://newarkqualityroofing.com/fascia-installation-repair-west-orange-nj,combos,Service+City combo,D,fascia-installation-repair,west-orange,NOINDEX,,Niche or component-level service with no real city-by-city demand
https://newarkqualityroofing.com/fascia-installation-repair-montclair-nj,combos,Service+City combo,D,fascia-installation-repair,montclair,NOINDEX,,Niche or component-level service with no real city-by-city demand
https://newarkqualityroofing.com/fascia-installation-repair-bloomfield-nj,combos,Service+City combo,D,fascia-installation-repair,bloomfield,NOINDEX,,Niche or component-level service with no real city-by-city demand
https://newarkqualityroofing.com/fascia-installation-repair-belleville-nj,combos,Service+City combo,D,fascia-installation-repair,belleville,NOINDEX,,Niche or component-level service with no real city-by-city demand
https://newarkqualityroofing.com/fascia-installation-repair-nutley-nj,combos,Service+City combo,D,fascia-installation-repair,nutley,NOINDEX,,Niche or component-level service with no real city-by-city demand
https://newarkqualityroofing.com/fascia-installation-repair-irvington-nj,combos,Service+City combo,D,fascia-installation-repair,irvington,NOINDEX,,Niche or component-level service with no real city-by-city demand
https://newarkqualityroofing.com/fascia-installation-repair-maplewood-nj,combos,Service+City combo,D,fascia-installation-repair,maplewood,NOINDEX,,Niche or component-level service with no real city-by-city demand
https://newarkqualityroofing.com/fascia-installation-repair-south-orange-nj,combos,Service+City combo,D,fascia-installation-repair,south-orange,NOINDEX,,Niche or component-level service with no real city-by-city demand
https://newarkqualityroofing.com/fascia-installation-repair-livingston-nj,combos,Service+City combo,D,fascia-installation-repair,livingston,NOINDEX,,Niche or component-level service with no real city-by-city demand
https://newarkqualityroofing.com/fascia-installation-repair-millburn-nj,combos,Service+City combo,D,fascia-installation-repair,millburn,NOINDEX,,Niche or component-level service with no real city-by-city demand
https://newarkqualityroofing.com/fascia-installation-repair-cedar-grove-nj,combos,Service+City combo,D,fascia-installation-repair,cedar-grove,NOINDEX,,Niche or component-level service with no real city-by-city demand
https://newarkqualityroofing.com/fascia-installation-repair-verona-nj,combos,Service+City combo,D,fascia-installation-repair,verona,NOINDEX,,Niche or component-level service with no real city-by-city demand
https://newarkqualityroofing.com/fascia-installation-repair-glen-ridge-nj,combos,Service+City combo,D,fascia-installation-repair,glen-ridge,NOINDEX,,Niche or component-level service with no real city-by-city demand
https://newarkqualityroofing.com/fascia-installation-repair-caldwell-nj,combos,Service+City combo,D,fascia-installation-repair,caldwell,NOINDEX,,Niche or component-level service with no real city-by-city demand
https://newarkqualityroofing.com/fascia-installation-repair-essex-fells-nj,combos,Service+City combo,D,fascia-installation-repair,essex-fells,NOINDEX,,Niche or component-level service with no real city-by-city demand
https://newarkqualityroofing.com/fascia-installation-repair-fairfield-nj,combos,Service+City combo,D,fascia-installation-repair,fairfield,NOINDEX,,Niche or component-level service with no real city-by-city demand
https://newarkqualityroofing.com/fascia-installation-repair-north-caldwell-nj,combos,Service+City combo,D,fascia-installation-repair,north-caldwell,NOINDEX,,Niche or component-level service with no real city-by-city demand
https://newarkqualityroofing.com/fascia-installation-repair-roseland-nj,combos,Service+City combo,D,fascia-installation-repair,roseland,NOINDEX,,Niche or component-level service with no real city-by-city demand
https://newarkqualityroofing.com/soffit-installation-repair-newark-nj,combos,Service+City combo,D,soffit-installation-repair,newark,NOINDEX,,Niche or component-level service with no real city-by-city demand
https://newarkqualityroofing.com/soffit-installation-repair-east-orange-nj,combos,Service+City combo,D,soffit-installation-repair,east-orange,NOINDEX,,Niche or component-level service with no real city-by-city demand
https://newarkqualityroofing.com/soffit-installation-repair-orange-nj,combos,Service+City combo,D,soffit-installation-repair,orange,NOINDEX,,Niche or component-level service with no real city-by-city demand
https://newarkqualityroofing.com/soffit-installation-repair-west-orange-nj,combos,Service+City combo,D,soffit-installation-repair,west-orange,NOINDEX,,Niche or component-level service with no real city-by-city demand
https://newarkqualityroofing.com/soffit-installation-repair-montclair-nj,combos,Service+City combo,D,soffit-installation-repair,montclair,NOINDEX,,Niche or component-level service with no real city-by-city demand
https://newarkqualityroofing.com/soffit-installation-repair-bloomfield-nj,combos,Service+City combo,D,soffit-installation-repair,bloomfield,NOINDEX,,Niche or component-level service with no real city-by-city demand
https://newarkqualityroofing.com/soffit-installation-repair-belleville-nj,combos,Service+City combo,D,soffit-installation-repair,belleville,NOINDEX,,Niche or component-level service with no real city-by-city demand
https://newarkqualityroofing.com/soffit-installation-repair-nutley-nj,combos,Service+City combo,D,soffit-installation-repair,nutley,NOINDEX,,Niche or component-level service with no real city-by-city demand
https://newarkqualityroofing.com/soffit-installation-repair-irvington-nj,combos,Service+City combo,D,soffit-installation-repair,irvington,NOINDEX,,Niche or component-level service with no real city-by-city demand
https://newarkqualityroofing.com/soffit-installation-repair-maplewood-nj,combos,Service+City combo,D,soffit-installation-repair,maplewood,NOINDEX,,Niche or component-level service with no real city-by-city demand
https://newarkqualityroofing.com/soffit-installation-repair-south-orange-nj,combos,Service+City combo,D,soffit-installation-repair,south-orange,NOINDEX,,Niche or component-level service with no real city-by-city demand
https://newarkqualityroofing.com/soffit-installation-repair-livingston-nj,combos,Service+City combo,D,soffit-installation-repair,livingston,NOINDEX,,Niche or component-level service with no real city-by-city demand
https://newarkqualityroofing.com/soffit-installation-repair-millburn-nj,combos,Service+City combo,D,soffit-installation-repair,millburn,NOINDEX,,Niche or component-level service with no real city-by-city demand
https://newarkqualityroofing.com/soffit-installation-repair-cedar-grove-nj,combos,Service+City combo,D,soffit-installation-repair,cedar-grove,NOINDEX,,Niche or component-level service with no real city-by-city demand
https://newarkqualityroofing.com/soffit-installation-repair-verona-nj,combos,Service+City combo,D,soffit-installation-repair,verona,NOINDEX,,Niche or component-level service with no real city-by-city demand
https://newarkqualityroofing.com/soffit-installation-repair-glen-ridge-nj,combos,Service+City combo,D,soffit-installation-repair,glen-ridge,NOINDEX,,Niche or component-level service with no real city-by-city demand
https://newarkqualityroofing.com/soffit-installation-repair-caldwell-nj,combos,Service+City combo,D,soffit-installation-repair,caldwell,NOINDEX,,Niche or component-level service with no real city-by-city demand
https://newarkqualityroofing.com/soffit-installation-repair-essex-fells-nj,combos,Service+City combo,D,soffit-installation-repair,essex-fells,NOINDEX,,Niche or component-level service with no real city-by-city demand
https://newarkqualityroofing.com/soffit-installation-repair-fairfield-nj,combos,Service+City combo,D,soffit-installation-repair,fairfield,NOINDEX,,Niche or component-level service with no real city-by-city demand
https://newarkqualityroofing.com/soffit-installation-repair-north-caldwell-nj,combos,Service+City combo,D,soffit-installation-repair,north-caldwell,NOINDEX,,Niche or component-level service with no real city-by-city demand
https://newarkqualityroofing.com/soffit-installation-repair-roseland-nj,combos,Service+City combo,D,soffit-installation-repair,roseland,NOINDEX,,Niche or component-level service with no real city-by-city demand
https://newarkqualityroofing.com/roof-vent-installation-repair-newark-nj,combos,Service+City combo,D,roof-vent-installation-repair,newark,NOINDEX,,Niche or component-level service with no real city-by-city demand
https://newarkqualityroofing.com/roof-vent-installation-repair-east-orange-nj,combos,Service+City combo,D,roof-vent-installation-repair,east-orange,NOINDEX,,Niche or component-level service with no real city-by-city demand
https://newarkqualityroofing.com/roof-vent-installation-repair-orange-nj,combos,Service+City combo,D,roof-vent-installation-repair,orange,NOINDEX,,Niche or component-level service with no real city-by-city demand
https://newarkqualityroofing.com/roof-vent-installation-repair-west-orange-nj,combos,Service+City combo,D,roof-vent-installation-repair,west-orange,NOINDEX,,Niche or component-level service with no real city-by-city demand
https://newarkqualityroofing.com/roof-vent-installation-repair-montclair-nj,combos,Service+City combo,D,roof-vent-installation-repair,montclair,NOINDEX,,Niche or component-level service with no real city-by-city demand
https://newarkqualityroofing.com/roof-vent-installation-repair-bloomfield-nj,combos,Service+City combo,D,roof-vent-installation-repair,bloomfield,NOINDEX,,Niche or component-level service with no real city-by-city demand
https://newarkqualityroofing.com/roof-vent-installation-repair-belleville-nj,combos,Service+City combo,D,roof-vent-installation-repair,belleville,NOINDEX,,Niche or component-level service with no real city-by-city demand
https://newarkqualityroofing.com/roof-vent-installation-repair-nutley-nj,combos,Service+City combo,D,roof-vent-installation-repair,nutley,NOINDEX,,Niche or component-level service with no real city-by-city demand
https://newarkqualityroofing.com/roof-vent-installation-repair-irvington-nj,combos,Service+City combo,D,roof-vent-installation-repair,irvington,NOINDEX,,Niche or component-level service with no real city-by-city demand
https://newarkqualityroofing.com/roof-vent-installation-repair-maplewood-nj,combos,Service+City combo,D,roof-vent-installation-repair,maplewood,NOINDEX,,Niche or component-level service with no real city-by-city demand
https://newarkqualityroofing.com/roof-vent-installation-repair-south-orange-nj,combos,Service+City combo,D,roof-vent-installation-repair,south-orange,NOINDEX,,Niche or component-level service with no real city-by-city demand
https://newarkqualityroofing.com/roof-vent-installation-repair-livingston-nj,combos,Service+City combo,D,roof-vent-installation-repair,livingston,NOINDEX,,Niche or component-level service with no real city-by-city demand
https://newarkqualityroofing.com/roof-vent-installation-repair-millburn-nj,combos,Service+City combo,D,roof-vent-installation-repair,millburn,NOINDEX,,Niche or component-level service with no real city-by-city demand
https://newarkqualityroofing.com/roof-vent-installation-repair-cedar-grove-nj,combos,Service+City combo,D,roof-vent-installation-repair,cedar-grove,NOINDEX,,Niche or component-level service with no real city-by-city demand
https://newarkqualityroofing.com/roof-vent-installation-repair-verona-nj,combos,Service+City combo,D,roof-vent-installation-repair,verona,NOINDEX,,Niche or component-level service with no real city-by-city demand
https://newarkqualityroofing.com/roof-vent-installation-repair-glen-ridge-nj,combos,Service+City combo,D,roof-vent-installation-repair,glen-ridge,NOINDEX,,Niche or component-level service with no real city-by-city demand
https://newarkqualityroofing.com/roof-vent-installation-repair-caldwell-nj,combos,Service+City combo,D,roof-vent-installation-repair,caldwell,NOINDEX,,Niche or component-level service with no real city-by-city demand
https://newarkqualityroofing.com/roof-vent-installation-repair-essex-fells-nj,combos,Service+City combo,D,roof-vent-installation-repair,essex-fells,NOINDEX,,Niche or component-level service with no real city-by-city demand
https://newarkqualityroofing.com/roof-vent-installation-repair-fairfield-nj,combos,Service+City combo,D,roof-vent-installation-repair,fairfield,NOINDEX,,Niche or component-level service with no real city-by-city demand
https://newarkqualityroofing.com/roof-vent-installation-repair-north-caldwell-nj,combos,Service+City combo,D,roof-vent-installation-repair,north-caldwell,NOINDEX,,Niche or component-level service with no real city-by-city demand
https://newarkqualityroofing.com/roof-vent-installation-repair-roseland-nj,combos,Service+City combo,D,roof-vent-installation-repair,roseland,NOINDEX,,Niche or component-level service with no real city-by-city demand
https://newarkqualityroofing.com/roof-waterproofing-newark-nj,combos,Service+City combo,D,roof-waterproofing,newark,NOINDEX,,Niche or component-level service with no real city-by-city demand
https://newarkqualityroofing.com/roof-waterproofing-east-orange-nj,combos,Service+City combo,D,roof-waterproofing,east-orange,NOINDEX,,Niche or component-level service with no real city-by-city demand
https://newarkqualityroofing.com/roof-waterproofing-orange-nj,combos,Service+City combo,D,roof-waterproofing,orange,NOINDEX,,Niche or component-level service with no real city-by-city demand
https://newarkqualityroofing.com/roof-waterproofing-west-orange-nj,combos,Service+City combo,D,roof-waterproofing,west-orange,NOINDEX,,Niche or component-level service with no real city-by-city demand
https://newarkqualityroofing.com/roof-waterproofing-montclair-nj,combos,Service+City combo,D,roof-waterproofing,montclair,NOINDEX,,Niche or component-level service with no real city-by-city demand
https://newarkqualityroofing.com/roof-waterproofing-bloomfield-nj,combos,Service+City combo,D,roof-waterproofing,bloomfield,NOINDEX,,Niche or component-level service with no real city-by-city demand
https://newarkqualityroofing.com/roof-waterproofing-belleville-nj,combos,Service+City combo,D,roof-waterproofing,belleville,NOINDEX,,Niche or component-level service with no real city-by-city demand
https://newarkqualityroofing.com/roof-waterproofing-nutley-nj,combos,Service+City combo,D,roof-waterproofing,nutley,NOINDEX,,Niche or component-level service with no real city-by-city demand
https://newarkqualityroofing.com/roof-waterproofing-irvington-nj,combos,Service+City combo,D,roof-waterproofing,irvington,NOINDEX,,Niche or component-level service with no real city-by-city demand
https://newarkqualityroofing.com/roof-waterproofing-maplewood-nj,combos,Service+City combo,D,roof-waterproofing,maplewood,NOINDEX,,Niche or component-level service with no real city-by-city demand
https://newarkqualityroofing.com/roof-waterproofing-south-orange-nj,combos,Service+City combo,D,roof-waterproofing,south-orange,NOINDEX,,Niche or component-level service with no real city-by-city demand
https://newarkqualityroofing.com/roof-waterproofing-livingston-nj,combos,Service+City combo,D,roof-waterproofing,livingston,NOINDEX,,Niche or component-level service with no real city-by-city demand
https://newarkqualityroofing.com/roof-waterproofing-millburn-nj,combos,Service+City combo,D,roof-waterproofing,millburn,NOINDEX,,Niche or component-level service with no real city-by-city demand
https://newarkqualityroofing.com/roof-waterproofing-cedar-grove-nj,combos,Service+City combo,D,roof-waterproofing,cedar-grove,NOINDEX,,Niche or component-level service with no real city-by-city demand
https://newarkqualityroofing.com/roof-waterproofing-verona-nj,combos,Service+City combo,D,roof-waterproofing,verona,NOINDEX,,Niche or component-level service with no real city-by-city demand
https://newarkqualityroofing.com/roof-waterproofing-glen-ridge-nj,combos,Service+City combo,D,roof-waterproofing,glen-ridge,NOINDEX,,Niche or component-level service with no real city-by-city demand
https://newarkqualityroofing.com/roof-waterproofing-caldwell-nj,combos,Service+City combo,D,roof-waterproofing,caldwell,NOINDEX,,Niche or component-level service with no real city-by-city demand
https://newarkqualityroofing.com/roof-waterproofing-essex-fells-nj,combos,Service+City combo,D,roof-waterproofing,essex-fells,NOINDEX,,Niche or component-level service with no real city-by-city demand
https://newarkqualityroofing.com/roof-waterproofing-fairfield-nj,combos,Service+City combo,D,roof-waterproofing,fairfield,NOINDEX,,Niche or component-level service with no real city-by-city demand
https://newarkqualityroofing.com/roof-waterproofing-north-caldwell-nj,combos,Service+City combo,D,roof-waterproofing,north-caldwell,NOINDEX,,Niche or component-level service with no real city-by-city demand
https://newarkqualityroofing.com/roof-waterproofing-roseland-nj,combos,Service+City combo,D,roof-waterproofing,roseland,NOINDEX,,Niche or component-level service with no real city-by-city demand
https://newarkqualityroofing.com/roof-deck-repair-replacement-newark-nj,combos,Service+City combo,D,roof-deck-repair-replacement,newark,NOINDEX,,Niche or component-level service with no real city-by-city demand
https://newarkqualityroofing.com/roof-deck-repair-replacement-east-orange-nj,combos,Service+City combo,D,roof-deck-repair-replacement,east-orange,NOINDEX,,Niche or component-level service with no real city-by-city demand
https://newarkqualityroofing.com/roof-deck-repair-replacement-orange-nj,combos,Service+City combo,D,roof-deck-repair-replacement,orange,NOINDEX,,Niche or component-level service with no real city-by-city demand
https://newarkqualityroofing.com/roof-deck-repair-replacement-west-orange-nj,combos,Service+City combo,D,roof-deck-repair-replacement,west-orange,NOINDEX,,Niche or component-level service with no real city-by-city demand
https://newarkqualityroofing.com/roof-deck-repair-replacement-montclair-nj,combos,Service+City combo,D,roof-deck-repair-replacement,montclair,NOINDEX,,Niche or component-level service with no real city-by-city demand
https://newarkqualityroofing.com/roof-deck-repair-replacement-bloomfield-nj,combos,Service+City combo,D,roof-deck-repair-replacement,bloomfield,NOINDEX,,Niche or component-level service with no real city-by-city demand
https://newarkqualityroofing.com/roof-deck-repair-replacement-belleville-nj,combos,Service+City combo,D,roof-deck-repair-replacement,belleville,NOINDEX,,Niche or component-level service with no real city-by-city demand
https://newarkqualityroofing.com/roof-deck-repair-replacement-nutley-nj,combos,Service+City combo,D,roof-deck-repair-replacement,nutley,NOINDEX,,Niche or component-level service with no real city-by-city demand
https://newarkqualityroofing.com/roof-deck-repair-replacement-irvington-nj,combos,Service+City combo,D,roof-deck-repair-replacement,irvington,NOINDEX,,Niche or component-level service with no real city-by-city demand
https://newarkqualityroofing.com/roof-deck-repair-replacement-maplewood-nj,combos,Service+City combo,D,roof-deck-repair-replacement,maplewood,NOINDEX,,Niche or component-level service with no real city-by-city demand
https://newarkqualityroofing.com/roof-deck-repair-replacement-south-orange-nj,combos,Service+City combo,D,roof-deck-repair-replacement,south-orange,NOINDEX,,Niche or component-level service with no real city-by-city demand
https://newarkqualityroofing.com/roof-deck-repair-replacement-livingston-nj,combos,Service+City combo,D,roof-deck-repair-replacement,livingston,NOINDEX,,Niche or component-level service with no real city-by-city demand
https://newarkqualityroofing.com/roof-deck-repair-replacement-millburn-nj,combos,Service+City combo,D,roof-deck-repair-replacement,millburn,NOINDEX,,Niche or component-level service with no real city-by-city demand
https://newarkqualityroofing.com/roof-deck-repair-replacement-cedar-grove-nj,combos,Service+City combo,D,roof-deck-repair-replacement,cedar-grove,NOINDEX,,Niche or component-level service with no real city-by-city demand
https://newarkqualityroofing.com/roof-deck-repair-replacement-verona-nj,combos,Service+City combo,D,roof-deck-repair-replacement,verona,NOINDEX,,Niche or component-level service with no real city-by-city demand
https://newarkqualityroofing.com/roof-deck-repair-replacement-glen-ridge-nj,combos,Service+City combo,D,roof-deck-repair-replacement,glen-ridge,NOINDEX,,Niche or component-level service with no real city-by-city demand
https://newarkqualityroofing.com/roof-deck-repair-replacement-caldwell-nj,combos,Service+City combo,D,roof-deck-repair-replacement,caldwell,NOINDEX,,Niche or component-level service with no real city-by-city demand
https://newarkqualityroofing.com/roof-deck-repair-replacement-essex-fells-nj,combos,Service+City combo,D,roof-deck-repair-replacement,essex-fells,NOINDEX,,Niche or component-level service with no real city-by-city demand
https://newarkqualityroofing.com/roof-deck-repair-replacement-fairfield-nj,combos,Service+City combo,D,roof-deck-repair-replacement,fairfield,NOINDEX,,Niche or component-level service with no real city-by-city demand
https://newarkqualityroofing.com/roof-deck-repair-replacement-north-caldwell-nj,combos,Service+City combo,D,roof-deck-repair-replacement,north-caldwell,NOINDEX,,Niche or component-level service with no real city-by-city demand
https://newarkqualityroofing.com/roof-deck-repair-replacement-roseland-nj,combos,Service+City combo,D,roof-deck-repair-replacement,roseland,NOINDEX,,Niche or component-level service with no real city-by-city demand
https://newarkqualityroofing.com/solar-panel-roofing-installation-newark-nj,combos,Service+City combo,D,solar-panel-roofing-installation,newark,NOINDEX,,Niche or component-level service with no real city-by-city demand
https://newarkqualityroofing.com/solar-panel-roofing-installation-east-orange-nj,combos,Service+City combo,D,solar-panel-roofing-installation,east-orange,NOINDEX,,Niche or component-level service with no real city-by-city demand
https://newarkqualityroofing.com/solar-panel-roofing-installation-orange-nj,combos,Service+City combo,D,solar-panel-roofing-installation,orange,NOINDEX,,Niche or component-level service with no real city-by-city demand
https://newarkqualityroofing.com/solar-panel-roofing-installation-west-orange-nj,combos,Service+City combo,D,solar-panel-roofing-installation,west-orange,NOINDEX,,Niche or component-level service with no real city-by-city demand
https://newarkqualityroofing.com/solar-panel-roofing-installation-montclair-nj,combos,Service+City combo,D,solar-panel-roofing-installation,montclair,NOINDEX,,Niche or component-level service with no real city-by-city demand
https://newarkqualityroofing.com/solar-panel-roofing-installation-bloomfield-nj,combos,Service+City combo,D,solar-panel-roofing-installation,bloomfield,NOINDEX,,Niche or component-level service with no real city-by-city demand
https://newarkqualityroofing.com/solar-panel-roofing-installation-belleville-nj,combos,Service+City combo,D,solar-panel-roofing-installation,belleville,NOINDEX,,Niche or component-level service with no real city-by-city demand
https://newarkqualityroofing.com/solar-panel-roofing-installation-nutley-nj,combos,Service+City combo,D,solar-panel-roofing-installation,nutley,NOINDEX,,Niche or component-level service with no real city-by-city demand
https://newarkqualityroofing.com/solar-panel-roofing-installation-irvington-nj,combos,Service+City combo,D,solar-panel-roofing-installation,irvington,NOINDEX,,Niche or component-level service with no real city-by-city demand
https://newarkqualityroofing.com/solar-panel-roofing-installation-maplewood-nj,combos,Service+City combo,D,solar-panel-roofing-installation,maplewood,NOINDEX,,Niche or component-level service with no real city-by-city demand
https://newarkqualityroofing.com/solar-panel-roofing-installation-south-orange-nj,combos,Service+City combo,D,solar-panel-roofing-installation,south-orange,NOINDEX,,Niche or component-level service with no real city-by-city demand
https://newarkqualityroofing.com/solar-panel-roofing-installation-livingston-nj,combos,Service+City combo,D,solar-panel-roofing-installation,livingston,NOINDEX,,Niche or component-level service with no real city-by-city demand
https://newarkqualityroofing.com/solar-panel-roofing-installation-millburn-nj,combos,Service+City combo,D,solar-panel-roofing-installation,millburn,NOINDEX,,Niche or component-level service with no real city-by-city demand
https://newarkqualityroofing.com/solar-panel-roofing-installation-cedar-grove-nj,combos,Service+City combo,D,solar-panel-roofing-installation,cedar-grove,NOINDEX,,Niche or component-level service with no real city-by-city demand
https://newarkqualityroofing.com/solar-panel-roofing-installation-verona-nj,combos,Service+City combo,D,solar-panel-roofing-installation,verona,NOINDEX,,Niche or component-level service with no real city-by-city demand
https://newarkqualityroofing.com/solar-panel-roofing-installation-glen-ridge-nj,combos,Service+City combo,D,solar-panel-roofing-installation,glen-ridge,NOINDEX,,Niche or component-level service with no real city-by-city demand
https://newarkqualityroofing.com/solar-panel-roofing-installation-caldwell-nj,combos,Service+City combo,D,solar-panel-roofing-installation,caldwell,NOINDEX,,Niche or component-level service with no real city-by-city demand
https://newarkqualityroofing.com/solar-panel-roofing-installation-essex-fells-nj,combos,Service+City combo,D,solar-panel-roofing-installation,essex-fells,NOINDEX,,Niche or component-level service with no real city-by-city demand
https://newarkqualityroofing.com/solar-panel-roofing-installation-fairfield-nj,combos,Service+City combo,D,solar-panel-roofing-installation,fairfield,NOINDEX,,Niche or component-level service with no real city-by-city demand
https://newarkqualityroofing.com/solar-panel-roofing-installation-north-caldwell-nj,combos,Service+City combo,D,solar-panel-roofing-installation,north-caldwell,NOINDEX,,Niche or component-level service with no real city-by-city demand
https://newarkqualityroofing.com/solar-panel-roofing-installation-roseland-nj,combos,Service+City combo,D,solar-panel-roofing-installation,roseland,NOINDEX,,Niche or component-level service with no real city-by-city demand
https://newarkqualityroofing.com/solar-shingle-installation-newark-nj,combos,Service+City combo,D,solar-shingle-installation,newark,NOINDEX,,Niche or component-level service with no real city-by-city demand
https://newarkqualityroofing.com/solar-shingle-installation-east-orange-nj,combos,Service+City combo,D,solar-shingle-installation,east-orange,NOINDEX,,Niche or component-level service with no real city-by-city demand
https://newarkqualityroofing.com/solar-shingle-installation-orange-nj,combos,Service+City combo,D,solar-shingle-installation,orange,NOINDEX,,Niche or component-level service with no real city-by-city demand
https://newarkqualityroofing.com/solar-shingle-installation-west-orange-nj,combos,Service+City combo,D,solar-shingle-installation,west-orange,NOINDEX,,Niche or component-level service with no real city-by-city demand
https://newarkqualityroofing.com/solar-shingle-installation-montclair-nj,combos,Service+City combo,D,solar-shingle-installation,montclair,NOINDEX,,Niche or component-level service with no real city-by-city demand
https://newarkqualityroofing.com/solar-shingle-installation-bloomfield-nj,combos,Service+City combo,D,solar-shingle-installation,bloomfield,NOINDEX,,Niche or component-level service with no real city-by-city demand
https://newarkqualityroofing.com/solar-shingle-installation-belleville-nj,combos,Service+City combo,D,solar-shingle-installation,belleville,NOINDEX,,Niche or component-level service with no real city-by-city demand
https://newarkqualityroofing.com/solar-shingle-installation-nutley-nj,combos,Service+City combo,D,solar-shingle-installation,nutley,NOINDEX,,Niche or component-level service with no real city-by-city demand
https://newarkqualityroofing.com/solar-shingle-installation-irvington-nj,combos,Service+City combo,D,solar-shingle-installation,irvington,NOINDEX,,Niche or component-level service with no real city-by-city demand
https://newarkqualityroofing.com/solar-shingle-installation-maplewood-nj,combos,Service+City combo,D,solar-shingle-installation,maplewood,NOINDEX,,Niche or component-level service with no real city-by-city demand
https://newarkqualityroofing.com/solar-shingle-installation-south-orange-nj,combos,Service+City combo,D,solar-shingle-installation,south-orange,NOINDEX,,Niche or component-level service with no real city-by-city demand
https://newarkqualityroofing.com/solar-shingle-installation-livingston-nj,combos,Service+City combo,D,solar-shingle-installation,livingston,NOINDEX,,Niche or component-level service with no real city-by-city demand
https://newarkqualityroofing.com/solar-shingle-installation-millburn-nj,combos,Service+City combo,D,solar-shingle-installation,millburn,NOINDEX,,Niche or component-level service with no real city-by-city demand
https://newarkqualityroofing.com/solar-shingle-installation-cedar-grove-nj,combos,Service+City combo,D,solar-shingle-installation,cedar-grove,NOINDEX,,Niche or component-level service with no real city-by-city demand
https://newarkqualityroofing.com/solar-shingle-installation-verona-nj,combos,Service+City combo,D,solar-shingle-installation,verona,NOINDEX,,Niche or component-level service with no real city-by-city demand
https://newarkqualityroofing.com/solar-shingle-installation-glen-ridge-nj,combos,Service+City combo,D,solar-shingle-installation,glen-ridge,NOINDEX,,Niche or component-level service with no real city-by-city demand
https://newarkqualityroofing.com/solar-shingle-installation-caldwell-nj,combos,Service+City combo,D,solar-shingle-installation,caldwell,NOINDEX,,Niche or component-level service with no real city-by-city demand
https://newarkqualityroofing.com/solar-shingle-installation-essex-fells-nj,combos,Service+City combo,D,solar-shingle-installation,essex-fells,NOINDEX,,Niche or component-level service with no real city-by-city demand
https://newarkqualityroofing.com/solar-shingle-installation-fairfield-nj,combos,Service+City combo,D,solar-shingle-installation,fairfield,NOINDEX,,Niche or component-level service with no real city-by-city demand
https://newarkqualityroofing.com/solar-shingle-installation-north-caldwell-nj,combos,Service+City combo,D,solar-shingle-installation,north-caldwell,NOINDEX,,Niche or component-level service with no real city-by-city demand
https://newarkqualityroofing.com/solar-shingle-installation-roseland-nj,combos,Service+City combo,D,solar-shingle-installation,roseland,NOINDEX,,Niche or component-level service with no real city-by-city demand
https://newarkqualityroofing.com/energy-efficient-roofing-solutions-newark-nj,combos,Service+City combo,D,energy-efficient-roofing-solutions,newark,NOINDEX,,Niche or component-level service with no real city-by-city demand
https://newarkqualityroofing.com/energy-efficient-roofing-solutions-east-orange-nj,combos,Service+City combo,D,energy-efficient-roofing-solutions,east-orange,NOINDEX,,Niche or component-level service with no real city-by-city demand
https://newarkqualityroofing.com/energy-efficient-roofing-solutions-orange-nj,combos,Service+City combo,D,energy-efficient-roofing-solutions,orange,NOINDEX,,Niche or component-level service with no real city-by-city demand
https://newarkqualityroofing.com/energy-efficient-roofing-solutions-west-orange-nj,combos,Service+City combo,D,energy-efficient-roofing-solutions,west-orange,NOINDEX,,Niche or component-level service with no real city-by-city demand
https://newarkqualityroofing.com/energy-efficient-roofing-solutions-montclair-nj,combos,Service+City combo,D,energy-efficient-roofing-solutions,montclair,NOINDEX,,Niche or component-level service with no real city-by-city demand
https://newarkqualityroofing.com/energy-efficient-roofing-solutions-bloomfield-nj,combos,Service+City combo,D,energy-efficient-roofing-solutions,bloomfield,NOINDEX,,Niche or component-level service with no real city-by-city demand
https://newarkqualityroofing.com/energy-efficient-roofing-solutions-belleville-nj,combos,Service+City combo,D,energy-efficient-roofing-solutions,belleville,NOINDEX,,Niche or component-level service with no real city-by-city demand
https://newarkqualityroofing.com/energy-efficient-roofing-solutions-nutley-nj,combos,Service+City combo,D,energy-efficient-roofing-solutions,nutley,NOINDEX,,Niche or component-level service with no real city-by-city demand
https://newarkqualityroofing.com/energy-efficient-roofing-solutions-irvington-nj,combos,Service+City combo,D,energy-efficient-roofing-solutions,irvington,NOINDEX,,Niche or component-level service with no real city-by-city demand
https://newarkqualityroofing.com/energy-efficient-roofing-solutions-maplewood-nj,combos,Service+City combo,D,energy-efficient-roofing-solutions,maplewood,NOINDEX,,Niche or component-level service with no real city-by-city demand
https://newarkqualityroofing.com/energy-efficient-roofing-solutions-south-orange-nj,combos,Service+City combo,D,energy-efficient-roofing-solutions,south-orange,NOINDEX,,Niche or component-level service with no real city-by-city demand
https://newarkqualityroofing.com/energy-efficient-roofing-solutions-livingston-nj,combos,Service+City combo,D,energy-efficient-roofing-solutions,livingston,NOINDEX,,Niche or component-level service with no real city-by-city demand
https://newarkqualityroofing.com/energy-efficient-roofing-solutions-millburn-nj,combos,Service+City combo,D,energy-efficient-roofing-solutions,millburn,NOINDEX,,Niche or component-level service with no real city-by-city demand
https://newarkqualityroofing.com/energy-efficient-roofing-solutions-cedar-grove-nj,combos,Service+City combo,D,energy-efficient-roofing-solutions,cedar-grove,NOINDEX,,Niche or component-level service with no real city-by-city demand
https://newarkqualityroofing.com/energy-efficient-roofing-solutions-verona-nj,combos,Service+City combo,D,energy-efficient-roofing-solutions,verona,NOINDEX,,Niche or component-level service with no real city-by-city demand
https://newarkqualityroofing.com/energy-efficient-roofing-solutions-glen-ridge-nj,combos,Service+City combo,D,energy-efficient-roofing-solutions,glen-ridge,NOINDEX,,Niche or component-level service with no real city-by-city demand
https://newarkqualityroofing.com/energy-efficient-roofing-solutions-caldwell-nj,combos,Service+City combo,D,energy-efficient-roofing-solutions,caldwell,NOINDEX,,Niche or component-level service with no real city-by-city demand
https://newarkqualityroofing.com/energy-efficient-roofing-solutions-essex-fells-nj,combos,Service+City combo,D,energy-efficient-roofing-solutions,essex-fells,NOINDEX,,Niche or component-level service with no real city-by-city demand
https://newarkqualityroofing.com/energy-efficient-roofing-solutions-fairfield-nj,combos,Service+City combo,D,energy-efficient-roofing-solutions,fairfield,NOINDEX,,Niche or component-level service with no real city-by-city demand
https://newarkqualityroofing.com/energy-efficient-roofing-solutions-north-caldwell-nj,combos,Service+City combo,D,energy-efficient-roofing-solutions,north-caldwell,NOINDEX,,Niche or component-level service with no real city-by-city demand
https://newarkqualityroofing.com/energy-efficient-roofing-solutions-roseland-nj,combos,Service+City combo,D,energy-efficient-roofing-solutions,roseland,NOINDEX,,Niche or component-level service with no real city-by-city demand
https://newarkqualityroofing.com/silicone-roof-coating-newark-nj,combos,Service+City combo,D,silicone-roof-coating,newark,NOINDEX,,Niche or component-level service with no real city-by-city demand
https://newarkqualityroofing.com/silicone-roof-coating-east-orange-nj,combos,Service+City combo,D,silicone-roof-coating,east-orange,NOINDEX,,Niche or component-level service with no real city-by-city demand
https://newarkqualityroofing.com/silicone-roof-coating-orange-nj,combos,Service+City combo,D,silicone-roof-coating,orange,NOINDEX,,Niche or component-level service with no real city-by-city demand
https://newarkqualityroofing.com/silicone-roof-coating-west-orange-nj,combos,Service+City combo,D,silicone-roof-coating,west-orange,NOINDEX,,Niche or component-level service with no real city-by-city demand
https://newarkqualityroofing.com/silicone-roof-coating-montclair-nj,combos,Service+City combo,D,silicone-roof-coating,montclair,NOINDEX,,Niche or component-level service with no real city-by-city demand
https://newarkqualityroofing.com/silicone-roof-coating-bloomfield-nj,combos,Service+City combo,D,silicone-roof-coating,bloomfield,NOINDEX,,Niche or component-level service with no real city-by-city demand
https://newarkqualityroofing.com/silicone-roof-coating-belleville-nj,combos,Service+City combo,D,silicone-roof-coating,belleville,NOINDEX,,Niche or component-level service with no real city-by-city demand
https://newarkqualityroofing.com/silicone-roof-coating-nutley-nj,combos,Service+City combo,D,silicone-roof-coating,nutley,NOINDEX,,Niche or component-level service with no real city-by-city demand
https://newarkqualityroofing.com/silicone-roof-coating-irvington-nj,combos,Service+City combo,D,silicone-roof-coating,irvington,NOINDEX,,Niche or component-level service with no real city-by-city demand
https://newarkqualityroofing.com/silicone-roof-coating-maplewood-nj,combos,Service+City combo,D,silicone-roof-coating,maplewood,NOINDEX,,Niche or component-level service with no real city-by-city demand
https://newarkqualityroofing.com/silicone-roof-coating-south-orange-nj,combos,Service+City combo,D,silicone-roof-coating,south-orange,NOINDEX,,Niche or component-level service with no real city-by-city demand
https://newarkqualityroofing.com/silicone-roof-coating-livingston-nj,combos,Service+City combo,D,silicone-roof-coating,livingston,NOINDEX,,Niche or component-level service with no real city-by-city demand
https://newarkqualityroofing.com/silicone-roof-coating-millburn-nj,combos,Service+City combo,D,silicone-roof-coating,millburn,NOINDEX,,Niche or component-level service with no real city-by-city demand
https://newarkqualityroofing.com/silicone-roof-coating-cedar-grove-nj,combos,Service+City combo,D,silicone-roof-coating,cedar-grove,NOINDEX,,Niche or component-level service with no real city-by-city demand
https://newarkqualityroofing.com/silicone-roof-coating-verona-nj,combos,Service+City combo,D,silicone-roof-coating,verona,NOINDEX,,Niche or component-level service with no real city-by-city demand
https://newarkqualityroofing.com/silicone-roof-coating-glen-ridge-nj,combos,Service+City combo,D,silicone-roof-coating,glen-ridge,NOINDEX,,Niche or component-level service with no real city-by-city demand
https://newarkqualityroofing.com/silicone-roof-coating-caldwell-nj,combos,Service+City combo,D,silicone-roof-coating,caldwell,NOINDEX,,Niche or component-level service with no real city-by-city demand
https://newarkqualityroofing.com/silicone-roof-coating-essex-fells-nj,combos,Service+City combo,D,silicone-roof-coating,essex-fells,NOINDEX,,Niche or component-level service with no real city-by-city demand
https://newarkqualityroofing.com/silicone-roof-coating-fairfield-nj,combos,Service+City combo,D,silicone-roof-coating,fairfield,NOINDEX,,Niche or component-level service with no real city-by-city demand
https://newarkqualityroofing.com/silicone-roof-coating-north-caldwell-nj,combos,Service+City combo,D,silicone-roof-coating,north-caldwell,NOINDEX,,Niche or component-level service with no real city-by-city demand
https://newarkqualityroofing.com/silicone-roof-coating-roseland-nj,combos,Service+City combo,D,silicone-roof-coating,roseland,NOINDEX,,Niche or component-level service with no real city-by-city demand
https://newarkqualityroofing.com/silicone-elastomeric-roof-coating-newark-nj,combos,Service+City combo,D,silicone-elastomeric-roof-coating,newark,NOINDEX,,Niche or component-level service with no real city-by-city demand
https://newarkqualityroofing.com/silicone-elastomeric-roof-coating-east-orange-nj,combos,Service+City combo,D,silicone-elastomeric-roof-coating,east-orange,NOINDEX,,Niche or component-level service with no real city-by-city demand
https://newarkqualityroofing.com/silicone-elastomeric-roof-coating-orange-nj,combos,Service+City combo,D,silicone-elastomeric-roof-coating,orange,NOINDEX,,Niche or component-level service with no real city-by-city demand
https://newarkqualityroofing.com/silicone-elastomeric-roof-coating-west-orange-nj,combos,Service+City combo,D,silicone-elastomeric-roof-coating,west-orange,NOINDEX,,Niche or component-level service with no real city-by-city demand
https://newarkqualityroofing.com/silicone-elastomeric-roof-coating-montclair-nj,combos,Service+City combo,D,silicone-elastomeric-roof-coating,montclair,NOINDEX,,Niche or component-level service with no real city-by-city demand
https://newarkqualityroofing.com/silicone-elastomeric-roof-coating-bloomfield-nj,combos,Service+City combo,D,silicone-elastomeric-roof-coating,bloomfield,NOINDEX,,Niche or component-level service with no real city-by-city demand
https://newarkqualityroofing.com/silicone-elastomeric-roof-coating-belleville-nj,combos,Service+City combo,D,silicone-elastomeric-roof-coating,belleville,NOINDEX,,Niche or component-level service with no real city-by-city demand
https://newarkqualityroofing.com/silicone-elastomeric-roof-coating-nutley-nj,combos,Service+City combo,D,silicone-elastomeric-roof-coating,nutley,NOINDEX,,Niche or component-level service with no real city-by-city demand
https://newarkqualityroofing.com/silicone-elastomeric-roof-coating-irvington-nj,combos,Service+City combo,D,silicone-elastomeric-roof-coating,irvington,NOINDEX,,Niche or component-level service with no real city-by-city demand
https://newarkqualityroofing.com/silicone-elastomeric-roof-coating-maplewood-nj,combos,Service+City combo,D,silicone-elastomeric-roof-coating,maplewood,NOINDEX,,Niche or component-level service with no real city-by-city demand
https://newarkqualityroofing.com/silicone-elastomeric-roof-coating-south-orange-nj,combos,Service+City combo,D,silicone-elastomeric-roof-coating,south-orange,NOINDEX,,Niche or component-level service with no real city-by-city demand
https://newarkqualityroofing.com/silicone-elastomeric-roof-coating-livingston-nj,combos,Service+City combo,D,silicone-elastomeric-roof-coating,livingston,NOINDEX,,Niche or component-level service with no real city-by-city demand
https://newarkqualityroofing.com/silicone-elastomeric-roof-coating-millburn-nj,combos,Service+City combo,D,silicone-elastomeric-roof-coating,millburn,NOINDEX,,Niche or component-level service with no real city-by-city demand
https://newarkqualityroofing.com/silicone-elastomeric-roof-coating-cedar-grove-nj,combos,Service+City combo,D,silicone-elastomeric-roof-coating,cedar-grove,NOINDEX,,Niche or component-level service with no real city-by-city demand
https://newarkqualityroofing.com/silicone-elastomeric-roof-coating-verona-nj,combos,Service+City combo,D,silicone-elastomeric-roof-coating,verona,NOINDEX,,Niche or component-level service with no real city-by-city demand
https://newarkqualityroofing.com/silicone-elastomeric-roof-coating-glen-ridge-nj,combos,Service+City combo,D,silicone-elastomeric-roof-coating,glen-ridge,NOINDEX,,Niche or component-level service with no real city-by-city demand
https://newarkqualityroofing.com/silicone-elastomeric-roof-coating-caldwell-nj,combos,Service+City combo,D,silicone-elastomeric-roof-coating,caldwell,NOINDEX,,Niche or component-level service with no real city-by-city demand
https://newarkqualityroofing.com/silicone-elastomeric-roof-coating-essex-fells-nj,combos,Service+City combo,D,silicone-elastomeric-roof-coating,essex-fells,NOINDEX,,Niche or component-level service with no real city-by-city demand
https://newarkqualityroofing.com/silicone-elastomeric-roof-coating-fairfield-nj,combos,Service+City combo,D,silicone-elastomeric-roof-coating,fairfield,NOINDEX,,Niche or component-level service with no real city-by-city demand
https://newarkqualityroofing.com/silicone-elastomeric-roof-coating-north-caldwell-nj,combos,Service+City combo,D,silicone-elastomeric-roof-coating,north-caldwell,NOINDEX,,Niche or component-level service with no real city-by-city demand
https://newarkqualityroofing.com/silicone-elastomeric-roof-coating-roseland-nj,combos,Service+City combo,D,silicone-elastomeric-roof-coating,roseland,NOINDEX,,Niche or component-level service with no real city-by-city demand
https://newarkqualityroofing.com/commercial-roof-installation-newark-nj,combos,Service+City combo,B,commercial-roof-installation,newark,KEEP-INDEX,,Important service in a top-10 Essex County city — keep with rewritten local content
https://newarkqualityroofing.com/commercial-roof-installation-east-orange-nj,combos,Service+City combo,B,commercial-roof-installation,east-orange,KEEP-INDEX,,Important service in a top-10 Essex County city — keep with rewritten local content
https://newarkqualityroofing.com/commercial-roof-installation-orange-nj,combos,Service+City combo,B,commercial-roof-installation,orange,NOINDEX,,Important service but in a low-volume city — let the parent service hub rank
https://newarkqualityroofing.com/commercial-roof-installation-west-orange-nj,combos,Service+City combo,B,commercial-roof-installation,west-orange,KEEP-INDEX,,Important service in a top-10 Essex County city — keep with rewritten local content
https://newarkqualityroofing.com/commercial-roof-installation-montclair-nj,combos,Service+City combo,B,commercial-roof-installation,montclair,KEEP-INDEX,,Important service in a top-10 Essex County city — keep with rewritten local content
https://newarkqualityroofing.com/commercial-roof-installation-bloomfield-nj,combos,Service+City combo,B,commercial-roof-installation,bloomfield,KEEP-INDEX,,Important service in a top-10 Essex County city — keep with rewritten local content
https://newarkqualityroofing.com/commercial-roof-installation-belleville-nj,combos,Service+City combo,B,commercial-roof-installation,belleville,KEEP-INDEX,,Important service in a top-10 Essex County city — keep with rewritten local content
https://newarkqualityroofing.com/commercial-roof-installation-nutley-nj,combos,Service+City combo,B,commercial-roof-installation,nutley,KEEP-INDEX,,Important service in a top-10 Essex County city — keep with rewritten local content
https://newarkqualityroofing.com/commercial-roof-installation-irvington-nj,combos,Service+City combo,B,commercial-roof-installation,irvington,KEEP-INDEX,,Important service in a top-10 Essex County city — keep with rewritten local content
https://newarkqualityroofing.com/commercial-roof-installation-maplewood-nj,combos,Service+City combo,B,commercial-roof-installation,maplewood,KEEP-INDEX,,Important service in a top-10 Essex County city — keep with rewritten local content
https://newarkqualityroofing.com/commercial-roof-installation-south-orange-nj,combos,Service+City combo,B,commercial-roof-installation,south-orange,KEEP-INDEX,,Important service in a top-10 Essex County city — keep with rewritten local content
https://newarkqualityroofing.com/commercial-roof-installation-livingston-nj,combos,Service+City combo,B,commercial-roof-installation,livingston,NOINDEX,,Important service but in a low-volume city — let the parent service hub rank
https://newarkqualityroofing.com/commercial-roof-installation-millburn-nj,combos,Service+City combo,B,commercial-roof-installation,millburn,NOINDEX,,Important service but in a low-volume city — let the parent service hub rank
https://newarkqualityroofing.com/commercial-roof-installation-cedar-grove-nj,combos,Service+City combo,B,commercial-roof-installation,cedar-grove,NOINDEX,,Important service but in a low-volume city — let the parent service hub rank
https://newarkqualityroofing.com/commercial-roof-installation-verona-nj,combos,Service+City combo,B,commercial-roof-installation,verona,NOINDEX,,Important service but in a low-volume city — let the parent service hub rank
https://newarkqualityroofing.com/commercial-roof-installation-glen-ridge-nj,combos,Service+City combo,B,commercial-roof-installation,glen-ridge,NOINDEX,,Important service but in a low-volume city — let the parent service hub rank
https://newarkqualityroofing.com/commercial-roof-installation-caldwell-nj,combos,Service+City combo,B,commercial-roof-installation,caldwell,NOINDEX,,Important service but in a low-volume city — let the parent service hub rank
https://newarkqualityroofing.com/commercial-roof-installation-essex-fells-nj,combos,Service+City combo,B,commercial-roof-installation,essex-fells,NOINDEX,,Important service but in a low-volume city — let the parent service hub rank
https://newarkqualityroofing.com/commercial-roof-installation-fairfield-nj,combos,Service+City combo,B,commercial-roof-installation,fairfield,NOINDEX,,Important service but in a low-volume city — let the parent service hub rank
https://newarkqualityroofing.com/commercial-roof-installation-north-caldwell-nj,combos,Service+City combo,B,commercial-roof-installation,north-caldwell,NOINDEX,,Important service but in a low-volume city — let the parent service hub rank
https://newarkqualityroofing.com/commercial-roof-installation-roseland-nj,combos,Service+City combo,B,commercial-roof-installation,roseland,NOINDEX,,Important service but in a low-volume city — let the parent service hub rank
https://newarkqualityroofing.com/commercial-roof-repair-newark-nj,combos,Service+City combo,B,commercial-roof-repair,newark,KEEP-INDEX,,Important service in a top-10 Essex County city — keep with rewritten local content
https://newarkqualityroofing.com/commercial-roof-repair-east-orange-nj,combos,Service+City combo,B,commercial-roof-repair,east-orange,KEEP-INDEX,,Important service in a top-10 Essex County city — keep with rewritten local content
https://newarkqualityroofing.com/commercial-roof-repair-orange-nj,combos,Service+City combo,B,commercial-roof-repair,orange,NOINDEX,,Important service but in a low-volume city — let the parent service hub rank
https://newarkqualityroofing.com/commercial-roof-repair-west-orange-nj,combos,Service+City combo,B,commercial-roof-repair,west-orange,KEEP-INDEX,,Important service in a top-10 Essex County city — keep with rewritten local content
https://newarkqualityroofing.com/commercial-roof-repair-montclair-nj,combos,Service+City combo,B,commercial-roof-repair,montclair,KEEP-INDEX,,Important service in a top-10 Essex County city — keep with rewritten local content
https://newarkqualityroofing.com/commercial-roof-repair-bloomfield-nj,combos,Service+City combo,B,commercial-roof-repair,bloomfield,KEEP-INDEX,,Important service in a top-10 Essex County city — keep with rewritten local content
https://newarkqualityroofing.com/commercial-roof-repair-belleville-nj,combos,Service+City combo,B,commercial-roof-repair,belleville,KEEP-INDEX,,Important service in a top-10 Essex County city — keep with rewritten local content
https://newarkqualityroofing.com/commercial-roof-repair-nutley-nj,combos,Service+City combo,B,commercial-roof-repair,nutley,KEEP-INDEX,,Important service in a top-10 Essex County city — keep with rewritten local content
https://newarkqualityroofing.com/commercial-roof-repair-irvington-nj,combos,Service+City combo,B,commercial-roof-repair,irvington,KEEP-INDEX,,Important service in a top-10 Essex County city — keep with rewritten local content
https://newarkqualityroofing.com/commercial-roof-repair-maplewood-nj,combos,Service+City combo,B,commercial-roof-repair,maplewood,KEEP-INDEX,,Important service in a top-10 Essex County city — keep with rewritten local content
https://newarkqualityroofing.com/commercial-roof-repair-south-orange-nj,combos,Service+City combo,B,commercial-roof-repair,south-orange,KEEP-INDEX,,Important service in a top-10 Essex County city — keep with rewritten local content
https://newarkqualityroofing.com/commercial-roof-repair-livingston-nj,combos,Service+City combo,B,commercial-roof-repair,livingston,NOINDEX,,Important service but in a low-volume city — let the parent service hub rank
https://newarkqualityroofing.com/commercial-roof-repair-millburn-nj,combos,Service+City combo,B,commercial-roof-repair,millburn,NOINDEX,,Important service but in a low-volume city — let the parent service hub rank
https://newarkqualityroofing.com/commercial-roof-repair-cedar-grove-nj,combos,Service+City combo,B,commercial-roof-repair,cedar-grove,NOINDEX,,Important service but in a low-volume city — let the parent service hub rank
https://newarkqualityroofing.com/commercial-roof-repair-verona-nj,combos,Service+City combo,B,commercial-roof-repair,verona,NOINDEX,,Important service but in a low-volume city — let the parent service hub rank
https://newarkqualityroofing.com/commercial-roof-repair-glen-ridge-nj,combos,Service+City combo,B,commercial-roof-repair,glen-ridge,NOINDEX,,Important service but in a low-volume city — let the parent service hub rank
https://newarkqualityroofing.com/commercial-roof-repair-caldwell-nj,combos,Service+City combo,B,commercial-roof-repair,caldwell,NOINDEX,,Important service but in a low-volume city — let the parent service hub rank
https://newarkqualityroofing.com/commercial-roof-repair-essex-fells-nj,combos,Service+City combo,B,commercial-roof-repair,essex-fells,NOINDEX,,Important service but in a low-volume city — let the parent service hub rank
https://newarkqualityroofing.com/commercial-roof-repair-fairfield-nj,combos,Service+City combo,B,commercial-roof-repair,fairfield,NOINDEX,,Important service but in a low-volume city — let the parent service hub rank
https://newarkqualityroofing.com/commercial-roof-repair-north-caldwell-nj,combos,Service+City combo,B,commercial-roof-repair,north-caldwell,NOINDEX,,Important service but in a low-volume city — let the parent service hub rank
https://newarkqualityroofing.com/commercial-roof-repair-roseland-nj,combos,Service+City combo,B,commercial-roof-repair,roseland,NOINDEX,,Important service but in a low-volume city — let the parent service hub rank
https://newarkqualityroofing.com/commercial-roof-replacement-newark-nj,combos,Service+City combo,B,commercial-roof-replacement,newark,KEEP-INDEX,,Important service in a top-10 Essex County city — keep with rewritten local content
https://newarkqualityroofing.com/commercial-roof-replacement-east-orange-nj,combos,Service+City combo,B,commercial-roof-replacement,east-orange,KEEP-INDEX,,Important service in a top-10 Essex County city — keep with rewritten local content
https://newarkqualityroofing.com/commercial-roof-replacement-orange-nj,combos,Service+City combo,B,commercial-roof-replacement,orange,NOINDEX,,Important service but in a low-volume city — let the parent service hub rank
https://newarkqualityroofing.com/commercial-roof-replacement-west-orange-nj,combos,Service+City combo,B,commercial-roof-replacement,west-orange,KEEP-INDEX,,Important service in a top-10 Essex County city — keep with rewritten local content
https://newarkqualityroofing.com/commercial-roof-replacement-montclair-nj,combos,Service+City combo,B,commercial-roof-replacement,montclair,KEEP-INDEX,,Important service in a top-10 Essex County city — keep with rewritten local content
https://newarkqualityroofing.com/commercial-roof-replacement-bloomfield-nj,combos,Service+City combo,B,commercial-roof-replacement,bloomfield,KEEP-INDEX,,Important service in a top-10 Essex County city — keep with rewritten local content
https://newarkqualityroofing.com/commercial-roof-replacement-belleville-nj,combos,Service+City combo,B,commercial-roof-replacement,belleville,KEEP-INDEX,,Important service in a top-10 Essex County city — keep with rewritten local content
https://newarkqualityroofing.com/commercial-roof-replacement-nutley-nj,combos,Service+City combo,B,commercial-roof-replacement,nutley,KEEP-INDEX,,Important service in a top-10 Essex County city — keep with rewritten local content
https://newarkqualityroofing.com/commercial-roof-replacement-irvington-nj,combos,Service+City combo,B,commercial-roof-replacement,irvington,KEEP-INDEX,,Important service in a top-10 Essex County city — keep with rewritten local content
https://newarkqualityroofing.com/commercial-roof-replacement-maplewood-nj,combos,Service+City combo,B,commercial-roof-replacement,maplewood,KEEP-INDEX,,Important service in a top-10 Essex County city — keep with rewritten local content
https://newarkqualityroofing.com/commercial-roof-replacement-south-orange-nj,combos,Service+City combo,B,commercial-roof-replacement,south-orange,KEEP-INDEX,,Important service in a top-10 Essex County city — keep with rewritten local content
https://newarkqualityroofing.com/commercial-roof-replacement-livingston-nj,combos,Service+City combo,B,commercial-roof-replacement,livingston,NOINDEX,,Important service but in a low-volume city — let the parent service hub rank
https://newarkqualityroofing.com/commercial-roof-replacement-millburn-nj,combos,Service+City combo,B,commercial-roof-replacement,millburn,NOINDEX,,Important service but in a low-volume city — let the parent service hub rank
https://newarkqualityroofing.com/commercial-roof-replacement-cedar-grove-nj,combos,Service+City combo,B,commercial-roof-replacement,cedar-grove,NOINDEX,,Important service but in a low-volume city — let the parent service hub rank
https://newarkqualityroofing.com/commercial-roof-replacement-verona-nj,combos,Service+City combo,B,commercial-roof-replacement,verona,NOINDEX,,Important service but in a low-volume city — let the parent service hub rank
https://newarkqualityroofing.com/commercial-roof-replacement-glen-ridge-nj,combos,Service+City combo,B,commercial-roof-replacement,glen-ridge,NOINDEX,,Important service but in a low-volume city — let the parent service hub rank
https://newarkqualityroofing.com/commercial-roof-replacement-caldwell-nj,combos,Service+City combo,B,commercial-roof-replacement,caldwell,NOINDEX,,Important service but in a low-volume city — let the parent service hub rank
https://newarkqualityroofing.com/commercial-roof-replacement-essex-fells-nj,combos,Service+City combo,B,commercial-roof-replacement,essex-fells,NOINDEX,,Important service but in a low-volume city — let the parent service hub rank
https://newarkqualityroofing.com/commercial-roof-replacement-fairfield-nj,combos,Service+City combo,B,commercial-roof-replacement,fairfield,NOINDEX,,Important service but in a low-volume city — let the parent service hub rank
https://newarkqualityroofing.com/commercial-roof-replacement-north-caldwell-nj,combos,Service+City combo,B,commercial-roof-replacement,north-caldwell,NOINDEX,,Important service but in a low-volume city — let the parent service hub rank
https://newarkqualityroofing.com/commercial-roof-replacement-roseland-nj,combos,Service+City combo,B,commercial-roof-replacement,roseland,NOINDEX,,Important service but in a low-volume city — let the parent service hub rank
https://newarkqualityroofing.com/roof-thermal-imaging-inspections-newark-nj,combos,Service+City combo,D,roof-thermal-imaging-inspections,newark,NOINDEX,,Niche or component-level service with no real city-by-city demand
https://newarkqualityroofing.com/roof-thermal-imaging-inspections-east-orange-nj,combos,Service+City combo,D,roof-thermal-imaging-inspections,east-orange,NOINDEX,,Niche or component-level service with no real city-by-city demand
https://newarkqualityroofing.com/roof-thermal-imaging-inspections-orange-nj,combos,Service+City combo,D,roof-thermal-imaging-inspections,orange,NOINDEX,,Niche or component-level service with no real city-by-city demand
https://newarkqualityroofing.com/roof-thermal-imaging-inspections-west-orange-nj,combos,Service+City combo,D,roof-thermal-imaging-inspections,west-orange,NOINDEX,,Niche or component-level service with no real city-by-city demand
https://newarkqualityroofing.com/roof-thermal-imaging-inspections-montclair-nj,combos,Service+City combo,D,roof-thermal-imaging-inspections,montclair,NOINDEX,,Niche or component-level service with no real city-by-city demand
https://newarkqualityroofing.com/roof-thermal-imaging-inspections-bloomfield-nj,combos,Service+City combo,D,roof-thermal-imaging-inspections,bloomfield,NOINDEX,,Niche or component-level service with no real city-by-city demand
https://newarkqualityroofing.com/roof-thermal-imaging-inspections-belleville-nj,combos,Service+City combo,D,roof-thermal-imaging-inspections,belleville,NOINDEX,,Niche or component-level service with no real city-by-city demand
https://newarkqualityroofing.com/roof-thermal-imaging-inspections-nutley-nj,combos,Service+City combo,D,roof-thermal-imaging-inspections,nutley,NOINDEX,,Niche or component-level service with no real city-by-city demand
https://newarkqualityroofing.com/roof-thermal-imaging-inspections-irvington-nj,combos,Service+City combo,D,roof-thermal-imaging-inspections,irvington,NOINDEX,,Niche or component-level service with no real city-by-city demand
https://newarkqualityroofing.com/roof-thermal-imaging-inspections-maplewood-nj,combos,Service+City combo,D,roof-thermal-imaging-inspections,maplewood,NOINDEX,,Niche or component-level service with no real city-by-city demand
https://newarkqualityroofing.com/roof-thermal-imaging-inspections-south-orange-nj,combos,Service+City combo,D,roof-thermal-imaging-inspections,south-orange,NOINDEX,,Niche or component-level service with no real city-by-city demand
https://newarkqualityroofing.com/roof-thermal-imaging-inspections-livingston-nj,combos,Service+City combo,D,roof-thermal-imaging-inspections,livingston,NOINDEX,,Niche or component-level service with no real city-by-city demand
https://newarkqualityroofing.com/roof-thermal-imaging-inspections-millburn-nj,combos,Service+City combo,D,roof-thermal-imaging-inspections,millburn,NOINDEX,,Niche or component-level service with no real city-by-city demand
https://newarkqualityroofing.com/roof-thermal-imaging-inspections-cedar-grove-nj,combos,Service+City combo,D,roof-thermal-imaging-inspections,cedar-grove,NOINDEX,,Niche or component-level service with no real city-by-city demand
https://newarkqualityroofing.com/roof-thermal-imaging-inspections-verona-nj,combos,Service+City combo,D,roof-thermal-imaging-inspections,verona,NOINDEX,,Niche or component-level service with no real city-by-city demand
https://newarkqualityroofing.com/roof-thermal-imaging-inspections-glen-ridge-nj,combos,Service+City combo,D,roof-thermal-imaging-inspections,glen-ridge,NOINDEX,,Niche or component-level service with no real city-by-city demand
https://newarkqualityroofing.com/roof-thermal-imaging-inspections-caldwell-nj,combos,Service+City combo,D,roof-thermal-imaging-inspections,caldwell,NOINDEX,,Niche or component-level service with no real city-by-city demand
https://newarkqualityroofing.com/roof-thermal-imaging-inspections-essex-fells-nj,combos,Service+City combo,D,roof-thermal-imaging-inspections,essex-fells,NOINDEX,,Niche or component-level service with no real city-by-city demand
https://newarkqualityroofing.com/roof-thermal-imaging-inspections-fairfield-nj,combos,Service+City combo,D,roof-thermal-imaging-inspections,fairfield,NOINDEX,,Niche or component-level service with no real city-by-city demand
https://newarkqualityroofing.com/roof-thermal-imaging-inspections-north-caldwell-nj,combos,Service+City combo,D,roof-thermal-imaging-inspections,north-caldwell,NOINDEX,,Niche or component-level service with no real city-by-city demand
https://newarkqualityroofing.com/roof-thermal-imaging-inspections-roseland-nj,combos,Service+City combo,D,roof-thermal-imaging-inspections,roseland,NOINDEX,,Niche or component-level service with no real city-by-city demand
https://newarkqualityroofing.com/infrared-roof-leak-detection-newark-nj,combos,Service+City combo,D,infrared-roof-leak-detection,newark,NOINDEX,,Niche or component-level service with no real city-by-city demand
https://newarkqualityroofing.com/infrared-roof-leak-detection-east-orange-nj,combos,Service+City combo,D,infrared-roof-leak-detection,east-orange,NOINDEX,,Niche or component-level service with no real city-by-city demand
https://newarkqualityroofing.com/infrared-roof-leak-detection-orange-nj,combos,Service+City combo,D,infrared-roof-leak-detection,orange,NOINDEX,,Niche or component-level service with no real city-by-city demand
https://newarkqualityroofing.com/infrared-roof-leak-detection-west-orange-nj,combos,Service+City combo,D,infrared-roof-leak-detection,west-orange,NOINDEX,,Niche or component-level service with no real city-by-city demand
https://newarkqualityroofing.com/infrared-roof-leak-detection-montclair-nj,combos,Service+City combo,D,infrared-roof-leak-detection,montclair,NOINDEX,,Niche or component-level service with no real city-by-city demand
https://newarkqualityroofing.com/infrared-roof-leak-detection-bloomfield-nj,combos,Service+City combo,D,infrared-roof-leak-detection,bloomfield,NOINDEX,,Niche or component-level service with no real city-by-city demand
https://newarkqualityroofing.com/infrared-roof-leak-detection-belleville-nj,combos,Service+City combo,D,infrared-roof-leak-detection,belleville,NOINDEX,,Niche or component-level service with no real city-by-city demand
https://newarkqualityroofing.com/infrared-roof-leak-detection-nutley-nj,combos,Service+City combo,D,infrared-roof-leak-detection,nutley,NOINDEX,,Niche or component-level service with no real city-by-city demand
https://newarkqualityroofing.com/infrared-roof-leak-detection-irvington-nj,combos,Service+City combo,D,infrared-roof-leak-detection,irvington,NOINDEX,,Niche or component-level service with no real city-by-city demand
https://newarkqualityroofing.com/infrared-roof-leak-detection-maplewood-nj,combos,Service+City combo,D,infrared-roof-leak-detection,maplewood,NOINDEX,,Niche or component-level service with no real city-by-city demand
https://newarkqualityroofing.com/infrared-roof-leak-detection-south-orange-nj,combos,Service+City combo,D,infrared-roof-leak-detection,south-orange,NOINDEX,,Niche or component-level service with no real city-by-city demand
https://newarkqualityroofing.com/infrared-roof-leak-detection-livingston-nj,combos,Service+City combo,D,infrared-roof-leak-detection,livingston,NOINDEX,,Niche or component-level service with no real city-by-city demand
https://newarkqualityroofing.com/infrared-roof-leak-detection-millburn-nj,combos,Service+City combo,D,infrared-roof-leak-detection,millburn,NOINDEX,,Niche or component-level service with no real city-by-city demand
https://newarkqualityroofing.com/infrared-roof-leak-detection-cedar-grove-nj,combos,Service+City combo,D,infrared-roof-leak-detection,cedar-grove,NOINDEX,,Niche or component-level service with no real city-by-city demand
https://newarkqualityroofing.com/infrared-roof-leak-detection-verona-nj,combos,Service+City combo,D,infrared-roof-leak-detection,verona,NOINDEX,,Niche or component-level service with no real city-by-city demand
https://newarkqualityroofing.com/infrared-roof-leak-detection-glen-ridge-nj,combos,Service+City combo,D,infrared-roof-leak-detection,glen-ridge,NOINDEX,,Niche or component-level service with no real city-by-city demand
https://newarkqualityroofing.com/infrared-roof-leak-detection-caldwell-nj,combos,Service+City combo,D,infrared-roof-leak-detection,caldwell,NOINDEX,,Niche or component-level service with no real city-by-city demand
https://newarkqualityroofing.com/infrared-roof-leak-detection-essex-fells-nj,combos,Service+City combo,D,infrared-roof-leak-detection,essex-fells,NOINDEX,,Niche or component-level service with no real city-by-city demand
https://newarkqualityroofing.com/infrared-roof-leak-detection-fairfield-nj,combos,Service+City combo,D,infrared-roof-leak-detection,fairfield,NOINDEX,,Niche or component-level service with no real city-by-city demand
https://newarkqualityroofing.com/infrared-roof-leak-detection-north-caldwell-nj,combos,Service+City combo,D,infrared-roof-leak-detection,north-caldwell,NOINDEX,,Niche or component-level service with no real city-by-city demand
https://newarkqualityroofing.com/infrared-roof-leak-detection-roseland-nj,combos,Service+City combo,D,infrared-roof-leak-detection,roseland,NOINDEX,,Niche or component-level service with no real city-by-city demand
https://newarkqualityroofing.com/custom-roof-design-consultation-newark-nj,combos,Service+City combo,D,custom-roof-design-consultation,newark,NOINDEX,,Niche or component-level service with no real city-by-city demand
https://newarkqualityroofing.com/custom-roof-design-consultation-east-orange-nj,combos,Service+City combo,D,custom-roof-design-consultation,east-orange,NOINDEX,,Niche or component-level service with no real city-by-city demand
https://newarkqualityroofing.com/custom-roof-design-consultation-orange-nj,combos,Service+City combo,D,custom-roof-design-consultation,orange,NOINDEX,,Niche or component-level service with no real city-by-city demand
https://newarkqualityroofing.com/custom-roof-design-consultation-west-orange-nj,combos,Service+City combo,D,custom-roof-design-consultation,west-orange,NOINDEX,,Niche or component-level service with no real city-by-city demand
https://newarkqualityroofing.com/custom-roof-design-consultation-montclair-nj,combos,Service+City combo,D,custom-roof-design-consultation,montclair,NOINDEX,,Niche or component-level service with no real city-by-city demand
https://newarkqualityroofing.com/custom-roof-design-consultation-bloomfield-nj,combos,Service+City combo,D,custom-roof-design-consultation,bloomfield,NOINDEX,,Niche or component-level service with no real city-by-city demand
https://newarkqualityroofing.com/custom-roof-design-consultation-belleville-nj,combos,Service+City combo,D,custom-roof-design-consultation,belleville,NOINDEX,,Niche or component-level service with no real city-by-city demand
https://newarkqualityroofing.com/custom-roof-design-consultation-nutley-nj,combos,Service+City combo,D,custom-roof-design-consultation,nutley,NOINDEX,,Niche or component-level service with no real city-by-city demand
https://newarkqualityroofing.com/custom-roof-design-consultation-irvington-nj,combos,Service+City combo,D,custom-roof-design-consultation,irvington,NOINDEX,,Niche or component-level service with no real city-by-city demand
https://newarkqualityroofing.com/custom-roof-design-consultation-maplewood-nj,combos,Service+City combo,D,custom-roof-design-consultation,maplewood,NOINDEX,,Niche or component-level service with no real city-by-city demand
https://newarkqualityroofing.com/custom-roof-design-consultation-south-orange-nj,combos,Service+City combo,D,custom-roof-design-consultation,south-orange,NOINDEX,,Niche or component-level service with no real city-by-city demand
https://newarkqualityroofing.com/custom-roof-design-consultation-livingston-nj,combos,Service+City combo,D,custom-roof-design-consultation,livingston,NOINDEX,,Niche or component-level service with no real city-by-city demand
https://newarkqualityroofing.com/custom-roof-design-consultation-millburn-nj,combos,Service+City combo,D,custom-roof-design-consultation,millburn,NOINDEX,,Niche or component-level service with no real city-by-city demand
https://newarkqualityroofing.com/custom-roof-design-consultation-cedar-grove-nj,combos,Service+City combo,D,custom-roof-design-consultation,cedar-grove,NOINDEX,,Niche or component-level service with no real city-by-city demand
https://newarkqualityroofing.com/custom-roof-design-consultation-verona-nj,combos,Service+City combo,D,custom-roof-design-consultation,verona,NOINDEX,,Niche or component-level service with no real city-by-city demand
https://newarkqualityroofing.com/custom-roof-design-consultation-glen-ridge-nj,combos,Service+City combo,D,custom-roof-design-consultation,glen-ridge,NOINDEX,,Niche or component-level service with no real city-by-city demand
https://newarkqualityroofing.com/custom-roof-design-consultation-caldwell-nj,combos,Service+City combo,D,custom-roof-design-consultation,caldwell,NOINDEX,,Niche or component-level service with no real city-by-city demand
https://newarkqualityroofing.com/custom-roof-design-consultation-essex-fells-nj,combos,Service+City combo,D,custom-roof-design-consultation,essex-fells,NOINDEX,,Niche or component-level service with no real city-by-city demand
https://newarkqualityroofing.com/custom-roof-design-consultation-fairfield-nj,combos,Service+City combo,D,custom-roof-design-consultation,fairfield,NOINDEX,,Niche or component-level service with no real city-by-city demand
https://newarkqualityroofing.com/custom-roof-design-consultation-north-caldwell-nj,combos,Service+City combo,D,custom-roof-design-consultation,north-caldwell,NOINDEX,,Niche or component-level service with no real city-by-city demand
https://newarkqualityroofing.com/custom-roof-design-consultation-roseland-nj,combos,Service+City combo,D,custom-roof-design-consultation,roseland,NOINDEX,,Niche or component-level service with no real city-by-city demand
https://newarkqualityroofing.com/historic-roof-restoration-newark-nj,combos,Service+City combo,D,historic-roof-restoration,newark,NOINDEX,,Niche or component-level service with no real city-by-city demand
https://newarkqualityroofing.com/historic-roof-restoration-east-orange-nj,combos,Service+City combo,D,historic-roof-restoration,east-orange,NOINDEX,,Niche or component-level service with no real city-by-city demand
https://newarkqualityroofing.com/historic-roof-restoration-orange-nj,combos,Service+City combo,D,historic-roof-restoration,orange,NOINDEX,,Niche or component-level service with no real city-by-city demand
https://newarkqualityroofing.com/historic-roof-restoration-west-orange-nj,combos,Service+City combo,D,historic-roof-restoration,west-orange,NOINDEX,,Niche or component-level service with no real city-by-city demand
https://newarkqualityroofing.com/historic-roof-restoration-montclair-nj,combos,Service+City combo,D,historic-roof-restoration,montclair,NOINDEX,,Niche or component-level service with no real city-by-city demand
https://newarkqualityroofing.com/historic-roof-restoration-bloomfield-nj,combos,Service+City combo,D,historic-roof-restoration,bloomfield,NOINDEX,,Niche or component-level service with no real city-by-city demand
https://newarkqualityroofing.com/historic-roof-restoration-belleville-nj,combos,Service+City combo,D,historic-roof-restoration,belleville,NOINDEX,,Niche or component-level service with no real city-by-city demand
https://newarkqualityroofing.com/historic-roof-restoration-nutley-nj,combos,Service+City combo,D,historic-roof-restoration,nutley,NOINDEX,,Niche or component-level service with no real city-by-city demand
https://newarkqualityroofing.com/historic-roof-restoration-irvington-nj,combos,Service+City combo,D,historic-roof-restoration,irvington,NOINDEX,,Niche or component-level service with no real city-by-city demand
https://newarkqualityroofing.com/historic-roof-restoration-maplewood-nj,combos,Service+City combo,D,historic-roof-restoration,maplewood,NOINDEX,,Niche or component-level service with no real city-by-city demand
https://newarkqualityroofing.com/historic-roof-restoration-south-orange-nj,combos,Service+City combo,D,historic-roof-restoration,south-orange,NOINDEX,,Niche or component-level service with no real city-by-city demand
https://newarkqualityroofing.com/historic-roof-restoration-livingston-nj,combos,Service+City combo,D,historic-roof-restoration,livingston,NOINDEX,,Niche or component-level service with no real city-by-city demand
https://newarkqualityroofing.com/historic-roof-restoration-millburn-nj,combos,Service+City combo,D,historic-roof-restoration,millburn,NOINDEX,,Niche or component-level service with no real city-by-city demand
https://newarkqualityroofing.com/historic-roof-restoration-cedar-grove-nj,combos,Service+City combo,D,historic-roof-restoration,cedar-grove,NOINDEX,,Niche or component-level service with no real city-by-city demand
https://newarkqualityroofing.com/historic-roof-restoration-verona-nj,combos,Service+City combo,D,historic-roof-restoration,verona,NOINDEX,,Niche or component-level service with no real city-by-city demand
https://newarkqualityroofing.com/historic-roof-restoration-glen-ridge-nj,combos,Service+City combo,D,historic-roof-restoration,glen-ridge,NOINDEX,,Niche or component-level service with no real city-by-city demand
https://newarkqualityroofing.com/historic-roof-restoration-caldwell-nj,combos,Service+City combo,D,historic-roof-restoration,caldwell,NOINDEX,,Niche or component-level service with no real city-by-city demand
https://newarkqualityroofing.com/historic-roof-restoration-essex-fells-nj,combos,Service+City combo,D,historic-roof-restoration,essex-fells,NOINDEX,,Niche or component-level service with no real city-by-city demand
https://newarkqualityroofing.com/historic-roof-restoration-fairfield-nj,combos,Service+City combo,D,historic-roof-restoration,fairfield,NOINDEX,,Niche or component-level service with no real city-by-city demand
https://newarkqualityroofing.com/historic-roof-restoration-north-caldwell-nj,combos,Service+City combo,D,historic-roof-restoration,north-caldwell,NOINDEX,,Niche or component-level service with no real city-by-city demand
https://newarkqualityroofing.com/historic-roof-restoration-roseland-nj,combos,Service+City combo,D,historic-roof-restoration,roseland,NOINDEX,,Niche or component-level service with no real city-by-city demand
https://newarkqualityroofing.com/roof-ice-dam-prevention-newark-nj,combos,Service+City combo,D,roof-ice-dam-prevention,newark,NOINDEX,,Niche or component-level service with no real city-by-city demand
https://newarkqualityroofing.com/roof-ice-dam-prevention-east-orange-nj,combos,Service+City combo,D,roof-ice-dam-prevention,east-orange,NOINDEX,,Niche or component-level service with no real city-by-city demand
https://newarkqualityroofing.com/roof-ice-dam-prevention-orange-nj,combos,Service+City combo,D,roof-ice-dam-prevention,orange,NOINDEX,,Niche or component-level service with no real city-by-city demand
https://newarkqualityroofing.com/roof-ice-dam-prevention-west-orange-nj,combos,Service+City combo,D,roof-ice-dam-prevention,west-orange,NOINDEX,,Niche or component-level service with no real city-by-city demand
https://newarkqualityroofing.com/roof-ice-dam-prevention-montclair-nj,combos,Service+City combo,D,roof-ice-dam-prevention,montclair,NOINDEX,,Niche or component-level service with no real city-by-city demand
https://newarkqualityroofing.com/roof-ice-dam-prevention-bloomfield-nj,combos,Service+City combo,D,roof-ice-dam-prevention,bloomfield,NOINDEX,,Niche or component-level service with no real city-by-city demand
https://newarkqualityroofing.com/roof-ice-dam-prevention-belleville-nj,combos,Service+City combo,D,roof-ice-dam-prevention,belleville,NOINDEX,,Niche or component-level service with no real city-by-city demand
https://newarkqualityroofing.com/roof-ice-dam-prevention-nutley-nj,combos,Service+City combo,D,roof-ice-dam-prevention,nutley,NOINDEX,,Niche or component-level service with no real city-by-city demand
https://newarkqualityroofing.com/roof-ice-dam-prevention-irvington-nj,combos,Service+City combo,D,roof-ice-dam-prevention,irvington,NOINDEX,,Niche or component-level service with no real city-by-city demand
https://newarkqualityroofing.com/roof-ice-dam-prevention-maplewood-nj,combos,Service+City combo,D,roof-ice-dam-prevention,maplewood,NOINDEX,,Niche or component-level service with no real city-by-city demand
https://newarkqualityroofing.com/roof-ice-dam-prevention-south-orange-nj,combos,Service+City combo,D,roof-ice-dam-prevention,south-orange,NOINDEX,,Niche or component-level service with no real city-by-city demand
https://newarkqualityroofing.com/roof-ice-dam-prevention-livingston-nj,combos,Service+City combo,D,roof-ice-dam-prevention,livingston,NOINDEX,,Niche or component-level service with no real city-by-city demand
https://newarkqualityroofing.com/roof-ice-dam-prevention-millburn-nj,combos,Service+City combo,D,roof-ice-dam-prevention,millburn,NOINDEX,,Niche or component-level service with no real city-by-city demand
https://newarkqualityroofing.com/roof-ice-dam-prevention-cedar-grove-nj,combos,Service+City combo,D,roof-ice-dam-prevention,cedar-grove,NOINDEX,,Niche or component-level service with no real city-by-city demand
https://newarkqualityroofing.com/roof-ice-dam-prevention-verona-nj,combos,Service+City combo,D,roof-ice-dam-prevention,verona,NOINDEX,,Niche or component-level service with no real city-by-city demand
https://newarkqualityroofing.com/roof-ice-dam-prevention-glen-ridge-nj,combos,Service+City combo,D,roof-ice-dam-prevention,glen-ridge,NOINDEX,,Niche or component-level service with no real city-by-city demand
https://newarkqualityroofing.com/roof-ice-dam-prevention-caldwell-nj,combos,Service+City combo,D,roof-ice-dam-prevention,caldwell,NOINDEX,,Niche or component-level service with no real city-by-city demand
https://newarkqualityroofing.com/roof-ice-dam-prevention-essex-fells-nj,combos,Service+City combo,D,roof-ice-dam-prevention,essex-fells,NOINDEX,,Niche or component-level service with no real city-by-city demand
https://newarkqualityroofing.com/roof-ice-dam-prevention-fairfield-nj,combos,Service+City combo,D,roof-ice-dam-prevention,fairfield,NOINDEX,,Niche or component-level service with no real city-by-city demand
https://newarkqualityroofing.com/roof-ice-dam-prevention-north-caldwell-nj,combos,Service+City combo,D,roof-ice-dam-prevention,north-caldwell,NOINDEX,,Niche or component-level service with no real city-by-city demand
https://newarkqualityroofing.com/roof-ice-dam-prevention-roseland-nj,combos,Service+City combo,D,roof-ice-dam-prevention,roseland,NOINDEX,,Niche or component-level service with no real city-by-city demand
https://newarkqualityroofing.com/full-roof-tear-off-newark-nj,combos,Service+City combo,E,full-roof-tear-off,newark,CONSOLIDATE / 301,/roof-replacement-newark-nj,Replacement-cause variant — redirect to canonical roof-replacement city combo
https://newarkqualityroofing.com/full-roof-tear-off-east-orange-nj,combos,Service+City combo,E,full-roof-tear-off,east-orange,CONSOLIDATE / 301,/roof-replacement-east-orange-nj,Replacement-cause variant — redirect to canonical roof-replacement city combo
https://newarkqualityroofing.com/full-roof-tear-off-orange-nj,combos,Service+City combo,E,full-roof-tear-off,orange,CONSOLIDATE / 301,/roof-replacement-orange-nj,Replacement-cause variant — redirect to canonical roof-replacement city combo
https://newarkqualityroofing.com/full-roof-tear-off-west-orange-nj,combos,Service+City combo,E,full-roof-tear-off,west-orange,CONSOLIDATE / 301,/roof-replacement-west-orange-nj,Replacement-cause variant — redirect to canonical roof-replacement city combo
https://newarkqualityroofing.com/full-roof-tear-off-montclair-nj,combos,Service+City combo,E,full-roof-tear-off,montclair,CONSOLIDATE / 301,/roof-replacement-montclair-nj,Replacement-cause variant — redirect to canonical roof-replacement city combo
https://newarkqualityroofing.com/full-roof-tear-off-bloomfield-nj,combos,Service+City combo,E,full-roof-tear-off,bloomfield,CONSOLIDATE / 301,/roof-replacement-bloomfield-nj,Replacement-cause variant — redirect to canonical roof-replacement city combo
https://newarkqualityroofing.com/full-roof-tear-off-belleville-nj,combos,Service+City combo,E,full-roof-tear-off,belleville,CONSOLIDATE / 301,/roof-replacement-belleville-nj,Replacement-cause variant — redirect to canonical roof-replacement city combo
https://newarkqualityroofing.com/full-roof-tear-off-nutley-nj,combos,Service+City combo,E,full-roof-tear-off,nutley,CONSOLIDATE / 301,/roof-replacement-nutley-nj,Replacement-cause variant — redirect to canonical roof-replacement city combo
https://newarkqualityroofing.com/full-roof-tear-off-irvington-nj,combos,Service+City combo,E,full-roof-tear-off,irvington,CONSOLIDATE / 301,/roof-replacement-irvington-nj,Replacement-cause variant — redirect to canonical roof-replacement city combo
https://newarkqualityroofing.com/full-roof-tear-off-maplewood-nj,combos,Service+City combo,E,full-roof-tear-off,maplewood,CONSOLIDATE / 301,/roof-replacement-maplewood-nj,Replacement-cause variant — redirect to canonical roof-replacement city combo
https://newarkqualityroofing.com/full-roof-tear-off-south-orange-nj,combos,Service+City combo,E,full-roof-tear-off,south-orange,CONSOLIDATE / 301,/roof-replacement-south-orange-nj,Replacement-cause variant — redirect to canonical roof-replacement city combo
https://newarkqualityroofing.com/full-roof-tear-off-livingston-nj,combos,Service+City combo,E,full-roof-tear-off,livingston,CONSOLIDATE / 301,/roof-replacement-livingston-nj,Replacement-cause variant — redirect to canonical roof-replacement city combo
https://newarkqualityroofing.com/full-roof-tear-off-millburn-nj,combos,Service+City combo,E,full-roof-tear-off,millburn,CONSOLIDATE / 301,/roof-replacement-millburn-nj,Replacement-cause variant — redirect to canonical roof-replacement city combo
https://newarkqualityroofing.com/full-roof-tear-off-cedar-grove-nj,combos,Service+City combo,E,full-roof-tear-off,cedar-grove,CONSOLIDATE / 301,/roof-replacement-cedar-grove-nj,Replacement-cause variant — redirect to canonical roof-replacement city combo
https://newarkqualityroofing.com/full-roof-tear-off-verona-nj,combos,Service+City combo,E,full-roof-tear-off,verona,CONSOLIDATE / 301,/roof-replacement-verona-nj,Replacement-cause variant — redirect to canonical roof-replacement city combo
https://newarkqualityroofing.com/full-roof-tear-off-glen-ridge-nj,combos,Service+City combo,E,full-roof-tear-off,glen-ridge,CONSOLIDATE / 301,/roof-replacement-glen-ridge-nj,Replacement-cause variant — redirect to canonical roof-replacement city combo
https://newarkqualityroofing.com/full-roof-tear-off-caldwell-nj,combos,Service+City combo,E,full-roof-tear-off,caldwell,CONSOLIDATE / 301,/roof-replacement-caldwell-nj,Replacement-cause variant — redirect to canonical roof-replacement city combo
https://newarkqualityroofing.com/full-roof-tear-off-essex-fells-nj,combos,Service+City combo,E,full-roof-tear-off,essex-fells,CONSOLIDATE / 301,/roof-replacement-essex-fells-nj,Replacement-cause variant — redirect to canonical roof-replacement city combo
https://newarkqualityroofing.com/full-roof-tear-off-fairfield-nj,combos,Service+City combo,E,full-roof-tear-off,fairfield,CONSOLIDATE / 301,/roof-replacement-fairfield-nj,Replacement-cause variant — redirect to canonical roof-replacement city combo
https://newarkqualityroofing.com/full-roof-tear-off-north-caldwell-nj,combos,Service+City combo,E,full-roof-tear-off,north-caldwell,CONSOLIDATE / 301,/roof-replacement-north-caldwell-nj,Replacement-cause variant — redirect to canonical roof-replacement city combo
https://newarkqualityroofing.com/full-roof-tear-off-roseland-nj,combos,Service+City combo,E,full-roof-tear-off,roseland,CONSOLIDATE / 301,/roof-replacement-roseland-nj,Replacement-cause variant — redirect to canonical roof-replacement city combo
https://newarkqualityroofing.com/roof-overlay-installation-newark-nj,combos,Service+City combo,E,roof-overlay-installation,newark,CONSOLIDATE / 301,/roof-replacement-newark-nj,Replacement-cause variant — redirect to canonical roof-replacement city combo
https://newarkqualityroofing.com/roof-overlay-installation-east-orange-nj,combos,Service+City combo,E,roof-overlay-installation,east-orange,CONSOLIDATE / 301,/roof-replacement-east-orange-nj,Replacement-cause variant — redirect to canonical roof-replacement city combo
https://newarkqualityroofing.com/roof-overlay-installation-orange-nj,combos,Service+City combo,E,roof-overlay-installation,orange,CONSOLIDATE / 301,/roof-replacement-orange-nj,Replacement-cause variant — redirect to canonical roof-replacement city combo
https://newarkqualityroofing.com/roof-overlay-installation-west-orange-nj,combos,Service+City combo,E,roof-overlay-installation,west-orange,CONSOLIDATE / 301,/roof-replacement-west-orange-nj,Replacement-cause variant — redirect to canonical roof-replacement city combo
https://newarkqualityroofing.com/roof-overlay-installation-montclair-nj,combos,Service+City combo,E,roof-overlay-installation,montclair,CONSOLIDATE / 301,/roof-replacement-montclair-nj,Replacement-cause variant — redirect to canonical roof-replacement city combo
https://newarkqualityroofing.com/roof-overlay-installation-bloomfield-nj,combos,Service+City combo,E,roof-overlay-installation,bloomfield,CONSOLIDATE / 301,/roof-replacement-bloomfield-nj,Replacement-cause variant — redirect to canonical roof-replacement city combo
https://newarkqualityroofing.com/roof-overlay-installation-belleville-nj,combos,Service+City combo,E,roof-overlay-installation,belleville,CONSOLIDATE / 301,/roof-replacement-belleville-nj,Replacement-cause variant — redirect to canonical roof-replacement city combo
https://newarkqualityroofing.com/roof-overlay-installation-nutley-nj,combos,Service+City combo,E,roof-overlay-installation,nutley,CONSOLIDATE / 301,/roof-replacement-nutley-nj,Replacement-cause variant — redirect to canonical roof-replacement city combo
https://newarkqualityroofing.com/roof-overlay-installation-irvington-nj,combos,Service+City combo,E,roof-overlay-installation,irvington,CONSOLIDATE / 301,/roof-replacement-irvington-nj,Replacement-cause variant — redirect to canonical roof-replacement city combo
https://newarkqualityroofing.com/roof-overlay-installation-maplewood-nj,combos,Service+City combo,E,roof-overlay-installation,maplewood,CONSOLIDATE / 301,/roof-replacement-maplewood-nj,Replacement-cause variant — redirect to canonical roof-replacement city combo
https://newarkqualityroofing.com/roof-overlay-installation-south-orange-nj,combos,Service+City combo,E,roof-overlay-installation,south-orange,CONSOLIDATE / 301,/roof-replacement-south-orange-nj,Replacement-cause variant — redirect to canonical roof-replacement city combo
https://newarkqualityroofing.com/roof-overlay-installation-livingston-nj,combos,Service+City combo,E,roof-overlay-installation,livingston,CONSOLIDATE / 301,/roof-replacement-livingston-nj,Replacement-cause variant — redirect to canonical roof-replacement city combo
https://newarkqualityroofing.com/roof-overlay-installation-millburn-nj,combos,Service+City combo,E,roof-overlay-installation,millburn,CONSOLIDATE / 301,/roof-replacement-millburn-nj,Replacement-cause variant — redirect to canonical roof-replacement city combo
https://newarkqualityroofing.com/roof-overlay-installation-cedar-grove-nj,combos,Service+City combo,E,roof-overlay-installation,cedar-grove,CONSOLIDATE / 301,/roof-replacement-cedar-grove-nj,Replacement-cause variant — redirect to canonical roof-replacement city combo
https://newarkqualityroofing.com/roof-overlay-installation-verona-nj,combos,Service+City combo,E,roof-overlay-installation,verona,CONSOLIDATE / 301,/roof-replacement-verona-nj,Replacement-cause variant — redirect to canonical roof-replacement city combo
https://newarkqualityroofing.com/roof-overlay-installation-glen-ridge-nj,combos,Service+City combo,E,roof-overlay-installation,glen-ridge,CONSOLIDATE / 301,/roof-replacement-glen-ridge-nj,Replacement-cause variant — redirect to canonical roof-replacement city combo
https://newarkqualityroofing.com/roof-overlay-installation-caldwell-nj,combos,Service+City combo,E,roof-overlay-installation,caldwell,CONSOLIDATE / 301,/roof-replacement-caldwell-nj,Replacement-cause variant — redirect to canonical roof-replacement city combo
https://newarkqualityroofing.com/roof-overlay-installation-essex-fells-nj,combos,Service+City combo,E,roof-overlay-installation,essex-fells,CONSOLIDATE / 301,/roof-replacement-essex-fells-nj,Replacement-cause variant — redirect to canonical roof-replacement city combo
https://newarkqualityroofing.com/roof-overlay-installation-fairfield-nj,combos,Service+City combo,E,roof-overlay-installation,fairfield,CONSOLIDATE / 301,/roof-replacement-fairfield-nj,Replacement-cause variant — redirect to canonical roof-replacement city combo
https://newarkqualityroofing.com/roof-overlay-installation-north-caldwell-nj,combos,Service+City combo,E,roof-overlay-installation,north-caldwell,CONSOLIDATE / 301,/roof-replacement-north-caldwell-nj,Replacement-cause variant — redirect to canonical roof-replacement city combo
https://newarkqualityroofing.com/roof-overlay-installation-roseland-nj,combos,Service+City combo,E,roof-overlay-installation,roseland,CONSOLIDATE / 301,/roof-replacement-roseland-nj,Replacement-cause variant — redirect to canonical roof-replacement city combo
https://newarkqualityroofing.com/re-roofing-newark-nj,combos,Service+City combo,E,re-roofing,newark,CONSOLIDATE / 301,/roof-replacement-newark-nj,Replacement-cause variant — redirect to canonical roof-replacement city combo
https://newarkqualityroofing.com/re-roofing-east-orange-nj,combos,Service+City combo,E,re-roofing,east-orange,CONSOLIDATE / 301,/roof-replacement-east-orange-nj,Replacement-cause variant — redirect to canonical roof-replacement city combo
https://newarkqualityroofing.com/re-roofing-orange-nj,combos,Service+City combo,E,re-roofing,orange,CONSOLIDATE / 301,/roof-replacement-orange-nj,Replacement-cause variant — redirect to canonical roof-replacement city combo
https://newarkqualityroofing.com/re-roofing-west-orange-nj,combos,Service+City combo,E,re-roofing,west-orange,CONSOLIDATE / 301,/roof-replacement-west-orange-nj,Replacement-cause variant — redirect to canonical roof-replacement city combo
https://newarkqualityroofing.com/re-roofing-montclair-nj,combos,Service+City combo,E,re-roofing,montclair,CONSOLIDATE / 301,/roof-replacement-montclair-nj,Replacement-cause variant — redirect to canonical roof-replacement city combo
https://newarkqualityroofing.com/re-roofing-bloomfield-nj,combos,Service+City combo,E,re-roofing,bloomfield,CONSOLIDATE / 301,/roof-replacement-bloomfield-nj,Replacement-cause variant — redirect to canonical roof-replacement city combo
https://newarkqualityroofing.com/re-roofing-belleville-nj,combos,Service+City combo,E,re-roofing,belleville,CONSOLIDATE / 301,/roof-replacement-belleville-nj,Replacement-cause variant — redirect to canonical roof-replacement city combo
https://newarkqualityroofing.com/re-roofing-nutley-nj,combos,Service+City combo,E,re-roofing,nutley,CONSOLIDATE / 301,/roof-replacement-nutley-nj,Replacement-cause variant — redirect to canonical roof-replacement city combo
https://newarkqualityroofing.com/re-roofing-irvington-nj,combos,Service+City combo,E,re-roofing,irvington,CONSOLIDATE / 301,/roof-replacement-irvington-nj,Replacement-cause variant — redirect to canonical roof-replacement city combo
https://newarkqualityroofing.com/re-roofing-maplewood-nj,combos,Service+City combo,E,re-roofing,maplewood,CONSOLIDATE / 301,/roof-replacement-maplewood-nj,Replacement-cause variant — redirect to canonical roof-replacement city combo
https://newarkqualityroofing.com/re-roofing-south-orange-nj,combos,Service+City combo,E,re-roofing,south-orange,CONSOLIDATE / 301,/roof-replacement-south-orange-nj,Replacement-cause variant — redirect to canonical roof-replacement city combo
https://newarkqualityroofing.com/re-roofing-livingston-nj,combos,Service+City combo,E,re-roofing,livingston,CONSOLIDATE / 301,/roof-replacement-livingston-nj,Replacement-cause variant — redirect to canonical roof-replacement city combo
https://newarkqualityroofing.com/re-roofing-millburn-nj,combos,Service+City combo,E,re-roofing,millburn,CONSOLIDATE / 301,/roof-replacement-millburn-nj,Replacement-cause variant — redirect to canonical roof-replacement city combo
https://newarkqualityroofing.com/re-roofing-cedar-grove-nj,combos,Service+City combo,E,re-roofing,cedar-grove,CONSOLIDATE / 301,/roof-replacement-cedar-grove-nj,Replacement-cause variant — redirect to canonical roof-replacement city combo
https://newarkqualityroofing.com/re-roofing-verona-nj,combos,Service+City combo,E,re-roofing,verona,CONSOLIDATE / 301,/roof-replacement-verona-nj,Replacement-cause variant — redirect to canonical roof-replacement city combo
https://newarkqualityroofing.com/re-roofing-glen-ridge-nj,combos,Service+City combo,E,re-roofing,glen-ridge,CONSOLIDATE / 301,/roof-replacement-glen-ridge-nj,Replacement-cause variant — redirect to canonical roof-replacement city combo
https://newarkqualityroofing.com/re-roofing-caldwell-nj,combos,Service+City combo,E,re-roofing,caldwell,CONSOLIDATE / 301,/roof-replacement-caldwell-nj,Replacement-cause variant — redirect to canonical roof-replacement city combo
https://newarkqualityroofing.com/re-roofing-essex-fells-nj,combos,Service+City combo,E,re-roofing,essex-fells,CONSOLIDATE / 301,/roof-replacement-essex-fells-nj,Replacement-cause variant — redirect to canonical roof-replacement city combo
https://newarkqualityroofing.com/re-roofing-fairfield-nj,combos,Service+City combo,E,re-roofing,fairfield,CONSOLIDATE / 301,/roof-replacement-fairfield-nj,Replacement-cause variant — redirect to canonical roof-replacement city combo
https://newarkqualityroofing.com/re-roofing-north-caldwell-nj,combos,Service+City combo,E,re-roofing,north-caldwell,CONSOLIDATE / 301,/roof-replacement-north-caldwell-nj,Replacement-cause variant — redirect to canonical roof-replacement city combo
https://newarkqualityroofing.com/re-roofing-roseland-nj,combos,Service+City combo,E,re-roofing,roseland,CONSOLIDATE / 301,/roof-replacement-roseland-nj,Replacement-cause variant — redirect to canonical roof-replacement city combo
https://newarkqualityroofing.com/insurance-roof-replacement-newark-nj,combos,Service+City combo,E,insurance-roof-replacement,newark,CONSOLIDATE / 301,/roof-replacement-newark-nj,Replacement-cause variant — redirect to canonical roof-replacement city combo
https://newarkqualityroofing.com/insurance-roof-replacement-east-orange-nj,combos,Service+City combo,E,insurance-roof-replacement,east-orange,CONSOLIDATE / 301,/roof-replacement-east-orange-nj,Replacement-cause variant — redirect to canonical roof-replacement city combo
https://newarkqualityroofing.com/insurance-roof-replacement-orange-nj,combos,Service+City combo,E,insurance-roof-replacement,orange,CONSOLIDATE / 301,/roof-replacement-orange-nj,Replacement-cause variant — redirect to canonical roof-replacement city combo
https://newarkqualityroofing.com/insurance-roof-replacement-west-orange-nj,combos,Service+City combo,E,insurance-roof-replacement,west-orange,CONSOLIDATE / 301,/roof-replacement-west-orange-nj,Replacement-cause variant — redirect to canonical roof-replacement city combo
https://newarkqualityroofing.com/insurance-roof-replacement-montclair-nj,combos,Service+City combo,E,insurance-roof-replacement,montclair,CONSOLIDATE / 301,/roof-replacement-montclair-nj,Replacement-cause variant — redirect to canonical roof-replacement city combo
https://newarkqualityroofing.com/insurance-roof-replacement-bloomfield-nj,combos,Service+City combo,E,insurance-roof-replacement,bloomfield,CONSOLIDATE / 301,/roof-replacement-bloomfield-nj,Replacement-cause variant — redirect to canonical roof-replacement city combo
https://newarkqualityroofing.com/insurance-roof-replacement-belleville-nj,combos,Service+City combo,E,insurance-roof-replacement,belleville,CONSOLIDATE / 301,/roof-replacement-belleville-nj,Replacement-cause variant — redirect to canonical roof-replacement city combo
https://newarkqualityroofing.com/insurance-roof-replacement-nutley-nj,combos,Service+City combo,E,insurance-roof-replacement,nutley,CONSOLIDATE / 301,/roof-replacement-nutley-nj,Replacement-cause variant — redirect to canonical roof-replacement city combo
https://newarkqualityroofing.com/insurance-roof-replacement-irvington-nj,combos,Service+City combo,E,insurance-roof-replacement,irvington,CONSOLIDATE / 301,/roof-replacement-irvington-nj,Replacement-cause variant — redirect to canonical roof-replacement city combo
https://newarkqualityroofing.com/insurance-roof-replacement-maplewood-nj,combos,Service+City combo,E,insurance-roof-replacement,maplewood,CONSOLIDATE / 301,/roof-replacement-maplewood-nj,Replacement-cause variant — redirect to canonical roof-replacement city combo
https://newarkqualityroofing.com/insurance-roof-replacement-south-orange-nj,combos,Service+City combo,E,insurance-roof-replacement,south-orange,CONSOLIDATE / 301,/roof-replacement-south-orange-nj,Replacement-cause variant — redirect to canonical roof-replacement city combo
https://newarkqualityroofing.com/insurance-roof-replacement-livingston-nj,combos,Service+City combo,E,insurance-roof-replacement,livingston,CONSOLIDATE / 301,/roof-replacement-livingston-nj,Replacement-cause variant — redirect to canonical roof-replacement city combo
https://newarkqualityroofing.com/insurance-roof-replacement-millburn-nj,combos,Service+City combo,E,insurance-roof-replacement,millburn,CONSOLIDATE / 301,/roof-replacement-millburn-nj,Replacement-cause variant — redirect to canonical roof-replacement city combo
https://newarkqualityroofing.com/insurance-roof-replacement-cedar-grove-nj,combos,Service+City combo,E,insurance-roof-replacement,cedar-grove,CONSOLIDATE / 301,/roof-replacement-cedar-grove-nj,Replacement-cause variant — redirect to canonical roof-replacement city combo
https://newarkqualityroofing.com/insurance-roof-replacement-verona-nj,combos,Service+City combo,E,insurance-roof-replacement,verona,CONSOLIDATE / 301,/roof-replacement-verona-nj,Replacement-cause variant — redirect to canonical roof-replacement city combo
https://newarkqualityroofing.com/insurance-roof-replacement-glen-ridge-nj,combos,Service+City combo,E,insurance-roof-replacement,glen-ridge,CONSOLIDATE / 301,/roof-replacement-glen-ridge-nj,Replacement-cause variant — redirect to canonical roof-replacement city combo
https://newarkqualityroofing.com/insurance-roof-replacement-caldwell-nj,combos,Service+City combo,E,insurance-roof-replacement,caldwell,CONSOLIDATE / 301,/roof-replacement-caldwell-nj,Replacement-cause variant — redirect to canonical roof-replacement city combo
https://newarkqualityroofing.com/insurance-roof-replacement-essex-fells-nj,combos,Service+City combo,E,insurance-roof-replacement,essex-fells,CONSOLIDATE / 301,/roof-replacement-essex-fells-nj,Replacement-cause variant — redirect to canonical roof-replacement city combo
https://newarkqualityroofing.com/insurance-roof-replacement-fairfield-nj,combos,Service+City combo,E,insurance-roof-replacement,fairfield,CONSOLIDATE / 301,/roof-replacement-fairfield-nj,Replacement-cause variant — redirect to canonical roof-replacement city combo
https://newarkqualityroofing.com/insurance-roof-replacement-north-caldwell-nj,combos,Service+City combo,E,insurance-roof-replacement,north-caldwell,CONSOLIDATE / 301,/roof-replacement-north-caldwell-nj,Replacement-cause variant — redirect to canonical roof-replacement city combo
https://newarkqualityroofing.com/insurance-roof-replacement-roseland-nj,combos,Service+City combo,E,insurance-roof-replacement,roseland,CONSOLIDATE / 301,/roof-replacement-roseland-nj,Replacement-cause variant — redirect to canonical roof-replacement city combo
https://newarkqualityroofing.com/storm-damage-roof-replacement-newark-nj,combos,Service+City combo,E,storm-damage-roof-replacement,newark,CONSOLIDATE / 301,/storm-damage-roof-repair-newark-nj,Replacement-cause variant — redirect to canonical roof-replacement city combo
https://newarkqualityroofing.com/storm-damage-roof-replacement-east-orange-nj,combos,Service+City combo,E,storm-damage-roof-replacement,east-orange,CONSOLIDATE / 301,/storm-damage-roof-repair-east-orange-nj,Replacement-cause variant — redirect to canonical roof-replacement city combo
https://newarkqualityroofing.com/storm-damage-roof-replacement-orange-nj,combos,Service+City combo,E,storm-damage-roof-replacement,orange,CONSOLIDATE / 301,/storm-damage-roof-repair-orange-nj,Replacement-cause variant — redirect to canonical roof-replacement city combo
https://newarkqualityroofing.com/storm-damage-roof-replacement-west-orange-nj,combos,Service+City combo,E,storm-damage-roof-replacement,west-orange,CONSOLIDATE / 301,/storm-damage-roof-repair-west-orange-nj,Replacement-cause variant — redirect to canonical roof-replacement city combo
https://newarkqualityroofing.com/storm-damage-roof-replacement-montclair-nj,combos,Service+City combo,E,storm-damage-roof-replacement,montclair,CONSOLIDATE / 301,/storm-damage-roof-repair-montclair-nj,Replacement-cause variant — redirect to canonical roof-replacement city combo
https://newarkqualityroofing.com/storm-damage-roof-replacement-bloomfield-nj,combos,Service+City combo,E,storm-damage-roof-replacement,bloomfield,CONSOLIDATE / 301,/storm-damage-roof-repair-bloomfield-nj,Replacement-cause variant — redirect to canonical roof-replacement city combo
https://newarkqualityroofing.com/storm-damage-roof-replacement-belleville-nj,combos,Service+City combo,E,storm-damage-roof-replacement,belleville,CONSOLIDATE / 301,/storm-damage-roof-repair-belleville-nj,Replacement-cause variant — redirect to canonical roof-replacement city combo
https://newarkqualityroofing.com/storm-damage-roof-replacement-nutley-nj,combos,Service+City combo,E,storm-damage-roof-replacement,nutley,CONSOLIDATE / 301,/storm-damage-roof-repair-nutley-nj,Replacement-cause variant — redirect to canonical roof-replacement city combo
https://newarkqualityroofing.com/storm-damage-roof-replacement-irvington-nj,combos,Service+City combo,E,storm-damage-roof-replacement,irvington,CONSOLIDATE / 301,/storm-damage-roof-repair-irvington-nj,Replacement-cause variant — redirect to canonical roof-replacement city combo
https://newarkqualityroofing.com/storm-damage-roof-replacement-maplewood-nj,combos,Service+City combo,E,storm-damage-roof-replacement,maplewood,CONSOLIDATE / 301,/storm-damage-roof-repair-maplewood-nj,Replacement-cause variant — redirect to canonical roof-replacement city combo
https://newarkqualityroofing.com/storm-damage-roof-replacement-south-orange-nj,combos,Service+City combo,E,storm-damage-roof-replacement,south-orange,CONSOLIDATE / 301,/storm-damage-roof-repair-south-orange-nj,Replacement-cause variant — redirect to canonical roof-replacement city combo
https://newarkqualityroofing.com/storm-damage-roof-replacement-livingston-nj,combos,Service+City combo,E,storm-damage-roof-replacement,livingston,CONSOLIDATE / 301,/storm-damage-roof-repair-livingston-nj,Replacement-cause variant — redirect to canonical roof-replacement city combo
https://newarkqualityroofing.com/storm-damage-roof-replacement-millburn-nj,combos,Service+City combo,E,storm-damage-roof-replacement,millburn,CONSOLIDATE / 301,/storm-damage-roof-repair-millburn-nj,Replacement-cause variant — redirect to canonical roof-replacement city combo
https://newarkqualityroofing.com/storm-damage-roof-replacement-cedar-grove-nj,combos,Service+City combo,E,storm-damage-roof-replacement,cedar-grove,CONSOLIDATE / 301,/storm-damage-roof-repair-cedar-grove-nj,Replacement-cause variant — redirect to canonical roof-replacement city combo
https://newarkqualityroofing.com/storm-damage-roof-replacement-verona-nj,combos,Service+City combo,E,storm-damage-roof-replacement,verona,CONSOLIDATE / 301,/storm-damage-roof-repair-verona-nj,Replacement-cause variant — redirect to canonical roof-replacement city combo
https://newarkqualityroofing.com/storm-damage-roof-replacement-glen-ridge-nj,combos,Service+City combo,E,storm-damage-roof-replacement,glen-ridge,CONSOLIDATE / 301,/storm-damage-roof-repair-glen-ridge-nj,Replacement-cause variant — redirect to canonical roof-replacement city combo
https://newarkqualityroofing.com/storm-damage-roof-replacement-caldwell-nj,combos,Service+City combo,E,storm-damage-roof-replacement,caldwell,CONSOLIDATE / 301,/storm-damage-roof-repair-caldwell-nj,Replacement-cause variant — redirect to canonical roof-replacement city combo
https://newarkqualityroofing.com/storm-damage-roof-replacement-essex-fells-nj,combos,Service+City combo,E,storm-damage-roof-replacement,essex-fells,CONSOLIDATE / 301,/storm-damage-roof-repair-essex-fells-nj,Replacement-cause variant — redirect to canonical roof-replacement city combo
https://newarkqualityroofing.com/storm-damage-roof-replacement-fairfield-nj,combos,Service+City combo,E,storm-damage-roof-replacement,fairfield,CONSOLIDATE / 301,/storm-damage-roof-repair-fairfield-nj,Replacement-cause variant — redirect to canonical roof-replacement city combo
https://newarkqualityroofing.com/storm-damage-roof-replacement-north-caldwell-nj,combos,Service+City combo,E,storm-damage-roof-replacement,north-caldwell,CONSOLIDATE / 301,/storm-damage-roof-repair-north-caldwell-nj,Replacement-cause variant — redirect to canonical roof-replacement city combo
https://newarkqualityroofing.com/storm-damage-roof-replacement-roseland-nj,combos,Service+City combo,E,storm-damage-roof-replacement,roseland,CONSOLIDATE / 301,/storm-damage-roof-repair-roseland-nj,Replacement-cause variant — redirect to canonical roof-replacement city combo
https://newarkqualityroofing.com/aging-roof-replacement-newark-nj,combos,Service+City combo,E,aging-roof-replacement,newark,CONSOLIDATE / 301,/roof-replacement-newark-nj,Replacement-cause variant — redirect to canonical roof-replacement city combo
https://newarkqualityroofing.com/aging-roof-replacement-east-orange-nj,combos,Service+City combo,E,aging-roof-replacement,east-orange,CONSOLIDATE / 301,/roof-replacement-east-orange-nj,Replacement-cause variant — redirect to canonical roof-replacement city combo
https://newarkqualityroofing.com/aging-roof-replacement-orange-nj,combos,Service+City combo,E,aging-roof-replacement,orange,CONSOLIDATE / 301,/roof-replacement-orange-nj,Replacement-cause variant — redirect to canonical roof-replacement city combo
https://newarkqualityroofing.com/aging-roof-replacement-west-orange-nj,combos,Service+City combo,E,aging-roof-replacement,west-orange,CONSOLIDATE / 301,/roof-replacement-west-orange-nj,Replacement-cause variant — redirect to canonical roof-replacement city combo
https://newarkqualityroofing.com/aging-roof-replacement-montclair-nj,combos,Service+City combo,E,aging-roof-replacement,montclair,CONSOLIDATE / 301,/roof-replacement-montclair-nj,Replacement-cause variant — redirect to canonical roof-replacement city combo
https://newarkqualityroofing.com/aging-roof-replacement-bloomfield-nj,combos,Service+City combo,E,aging-roof-replacement,bloomfield,CONSOLIDATE / 301,/roof-replacement-bloomfield-nj,Replacement-cause variant — redirect to canonical roof-replacement city combo
https://newarkqualityroofing.com/aging-roof-replacement-belleville-nj,combos,Service+City combo,E,aging-roof-replacement,belleville,CONSOLIDATE / 301,/roof-replacement-belleville-nj,Replacement-cause variant — redirect to canonical roof-replacement city combo
https://newarkqualityroofing.com/aging-roof-replacement-nutley-nj,combos,Service+City combo,E,aging-roof-replacement,nutley,CONSOLIDATE / 301,/roof-replacement-nutley-nj,Replacement-cause variant — redirect to canonical roof-replacement city combo
https://newarkqualityroofing.com/aging-roof-replacement-irvington-nj,combos,Service+City combo,E,aging-roof-replacement,irvington,CONSOLIDATE / 301,/roof-replacement-irvington-nj,Replacement-cause variant — redirect to canonical roof-replacement city combo
https://newarkqualityroofing.com/aging-roof-replacement-maplewood-nj,combos,Service+City combo,E,aging-roof-replacement,maplewood,CONSOLIDATE / 301,/roof-replacement-maplewood-nj,Replacement-cause variant — redirect to canonical roof-replacement city combo
https://newarkqualityroofing.com/aging-roof-replacement-south-orange-nj,combos,Service+City combo,E,aging-roof-replacement,south-orange,CONSOLIDATE / 301,/roof-replacement-south-orange-nj,Replacement-cause variant — redirect to canonical roof-replacement city combo
https://newarkqualityroofing.com/aging-roof-replacement-livingston-nj,combos,Service+City combo,E,aging-roof-replacement,livingston,CONSOLIDATE / 301,/roof-replacement-livingston-nj,Replacement-cause variant — redirect to canonical roof-replacement city combo
https://newarkqualityroofing.com/aging-roof-replacement-millburn-nj,combos,Service+City combo,E,aging-roof-replacement,millburn,CONSOLIDATE / 301,/roof-replacement-millburn-nj,Replacement-cause variant — redirect to canonical roof-replacement city combo
https://newarkqualityroofing.com/aging-roof-replacement-cedar-grove-nj,combos,Service+City combo,E,aging-roof-replacement,cedar-grove,CONSOLIDATE / 301,/roof-replacement-cedar-grove-nj,Replacement-cause variant — redirect to canonical roof-replacement city combo
https://newarkqualityroofing.com/aging-roof-replacement-verona-nj,combos,Service+City combo,E,aging-roof-replacement,verona,CONSOLIDATE / 301,/roof-replacement-verona-nj,Replacement-cause variant — redirect to canonical roof-replacement city combo
https://newarkqualityroofing.com/aging-roof-replacement-glen-ridge-nj,combos,Service+City combo,E,aging-roof-replacement,glen-ridge,CONSOLIDATE / 301,/roof-replacement-glen-ridge-nj,Replacement-cause variant — redirect to canonical roof-replacement city combo
https://newarkqualityroofing.com/aging-roof-replacement-caldwell-nj,combos,Service+City combo,E,aging-roof-replacement,caldwell,CONSOLIDATE / 301,/roof-replacement-caldwell-nj,Replacement-cause variant — redirect to canonical roof-replacement city combo
https://newarkqualityroofing.com/aging-roof-replacement-essex-fells-nj,combos,Service+City combo,E,aging-roof-replacement,essex-fells,CONSOLIDATE / 301,/roof-replacement-essex-fells-nj,Replacement-cause variant — redirect to canonical roof-replacement city combo
https://newarkqualityroofing.com/aging-roof-replacement-fairfield-nj,combos,Service+City combo,E,aging-roof-replacement,fairfield,CONSOLIDATE / 301,/roof-replacement-fairfield-nj,Replacement-cause variant — redirect to canonical roof-replacement city combo
https://newarkqualityroofing.com/aging-roof-replacement-north-caldwell-nj,combos,Service+City combo,E,aging-roof-replacement,north-caldwell,CONSOLIDATE / 301,/roof-replacement-north-caldwell-nj,Replacement-cause variant — redirect to canonical roof-replacement city combo
https://newarkqualityroofing.com/aging-roof-replacement-roseland-nj,combos,Service+City combo,E,aging-roof-replacement,roseland,CONSOLIDATE / 301,/roof-replacement-roseland-nj,Replacement-cause variant — redirect to canonical roof-replacement city combo
https://newarkqualityroofing.com/roof-replacement-after-leak-newark-nj,combos,Service+City combo,E,roof-replacement-after-leak,newark,CONSOLIDATE / 301,/roof-replacement-newark-nj,Replacement-cause variant — redirect to canonical roof-replacement city combo
https://newarkqualityroofing.com/roof-replacement-after-leak-east-orange-nj,combos,Service+City combo,E,roof-replacement-after-leak,east-orange,CONSOLIDATE / 301,/roof-replacement-east-orange-nj,Replacement-cause variant — redirect to canonical roof-replacement city combo
https://newarkqualityroofing.com/roof-replacement-after-leak-orange-nj,combos,Service+City combo,E,roof-replacement-after-leak,orange,CONSOLIDATE / 301,/roof-replacement-orange-nj,Replacement-cause variant — redirect to canonical roof-replacement city combo
https://newarkqualityroofing.com/roof-replacement-after-leak-west-orange-nj,combos,Service+City combo,E,roof-replacement-after-leak,west-orange,CONSOLIDATE / 301,/roof-replacement-west-orange-nj,Replacement-cause variant — redirect to canonical roof-replacement city combo
https://newarkqualityroofing.com/roof-replacement-after-leak-montclair-nj,combos,Service+City combo,E,roof-replacement-after-leak,montclair,CONSOLIDATE / 301,/roof-replacement-montclair-nj,Replacement-cause variant — redirect to canonical roof-replacement city combo
https://newarkqualityroofing.com/roof-replacement-after-leak-bloomfield-nj,combos,Service+City combo,E,roof-replacement-after-leak,bloomfield,CONSOLIDATE / 301,/roof-replacement-bloomfield-nj,Replacement-cause variant — redirect to canonical roof-replacement city combo
https://newarkqualityroofing.com/roof-replacement-after-leak-belleville-nj,combos,Service+City combo,E,roof-replacement-after-leak,belleville,CONSOLIDATE / 301,/roof-replacement-belleville-nj,Replacement-cause variant — redirect to canonical roof-replacement city combo
https://newarkqualityroofing.com/roof-replacement-after-leak-nutley-nj,combos,Service+City combo,E,roof-replacement-after-leak,nutley,CONSOLIDATE / 301,/roof-replacement-nutley-nj,Replacement-cause variant — redirect to canonical roof-replacement city combo
https://newarkqualityroofing.com/roof-replacement-after-leak-irvington-nj,combos,Service+City combo,E,roof-replacement-after-leak,irvington,CONSOLIDATE / 301,/roof-replacement-irvington-nj,Replacement-cause variant — redirect to canonical roof-replacement city combo
https://newarkqualityroofing.com/roof-replacement-after-leak-maplewood-nj,combos,Service+City combo,E,roof-replacement-after-leak,maplewood,CONSOLIDATE / 301,/roof-replacement-maplewood-nj,Replacement-cause variant — redirect to canonical roof-replacement city combo
https://newarkqualityroofing.com/roof-replacement-after-leak-south-orange-nj,combos,Service+City combo,E,roof-replacement-after-leak,south-orange,CONSOLIDATE / 301,/roof-replacement-south-orange-nj,Replacement-cause variant — redirect to canonical roof-replacement city combo
https://newarkqualityroofing.com/roof-replacement-after-leak-livingston-nj,combos,Service+City combo,E,roof-replacement-after-leak,livingston,CONSOLIDATE / 301,/roof-replacement-livingston-nj,Replacement-cause variant — redirect to canonical roof-replacement city combo
https://newarkqualityroofing.com/roof-replacement-after-leak-millburn-nj,combos,Service+City combo,E,roof-replacement-after-leak,millburn,CONSOLIDATE / 301,/roof-replacement-millburn-nj,Replacement-cause variant — redirect to canonical roof-replacement city combo
https://newarkqualityroofing.com/roof-replacement-after-leak-cedar-grove-nj,combos,Service+City combo,E,roof-replacement-after-leak,cedar-grove,CONSOLIDATE / 301,/roof-replacement-cedar-grove-nj,Replacement-cause variant — redirect to canonical roof-replacement city combo
https://newarkqualityroofing.com/roof-replacement-after-leak-verona-nj,combos,Service+City combo,E,roof-replacement-after-leak,verona,CONSOLIDATE / 301,/roof-replacement-verona-nj,Replacement-cause variant — redirect to canonical roof-replacement city combo
https://newarkqualityroofing.com/roof-replacement-after-leak-glen-ridge-nj,combos,Service+City combo,E,roof-replacement-after-leak,glen-ridge,CONSOLIDATE / 301,/roof-replacement-glen-ridge-nj,Replacement-cause variant — redirect to canonical roof-replacement city combo
https://newarkqualityroofing.com/roof-replacement-after-leak-caldwell-nj,combos,Service+City combo,E,roof-replacement-after-leak,caldwell,CONSOLIDATE / 301,/roof-replacement-caldwell-nj,Replacement-cause variant — redirect to canonical roof-replacement city combo
https://newarkqualityroofing.com/roof-replacement-after-leak-essex-fells-nj,combos,Service+City combo,E,roof-replacement-after-leak,essex-fells,CONSOLIDATE / 301,/roof-replacement-essex-fells-nj,Replacement-cause variant — redirect to canonical roof-replacement city combo
https://newarkqualityroofing.com/roof-replacement-after-leak-fairfield-nj,combos,Service+City combo,E,roof-replacement-after-leak,fairfield,CONSOLIDATE / 301,/roof-replacement-fairfield-nj,Replacement-cause variant — redirect to canonical roof-replacement city combo
https://newarkqualityroofing.com/roof-replacement-after-leak-north-caldwell-nj,combos,Service+City combo,E,roof-replacement-after-leak,north-caldwell,CONSOLIDATE / 301,/roof-replacement-north-caldwell-nj,Replacement-cause variant — redirect to canonical roof-replacement city combo
https://newarkqualityroofing.com/roof-replacement-after-leak-roseland-nj,combos,Service+City combo,E,roof-replacement-after-leak,roseland,CONSOLIDATE / 301,/roof-replacement-roseland-nj,Replacement-cause variant — redirect to canonical roof-replacement city combo
https://newarkqualityroofing.com/fire-damage-roof-replacement-newark-nj,combos,Service+City combo,E,fire-damage-roof-replacement,newark,CONSOLIDATE / 301,/roof-replacement-newark-nj,Replacement-cause variant — redirect to canonical roof-replacement city combo
https://newarkqualityroofing.com/fire-damage-roof-replacement-east-orange-nj,combos,Service+City combo,E,fire-damage-roof-replacement,east-orange,CONSOLIDATE / 301,/roof-replacement-east-orange-nj,Replacement-cause variant — redirect to canonical roof-replacement city combo
https://newarkqualityroofing.com/fire-damage-roof-replacement-orange-nj,combos,Service+City combo,E,fire-damage-roof-replacement,orange,CONSOLIDATE / 301,/roof-replacement-orange-nj,Replacement-cause variant — redirect to canonical roof-replacement city combo
https://newarkqualityroofing.com/fire-damage-roof-replacement-west-orange-nj,combos,Service+City combo,E,fire-damage-roof-replacement,west-orange,CONSOLIDATE / 301,/roof-replacement-west-orange-nj,Replacement-cause variant — redirect to canonical roof-replacement city combo
https://newarkqualityroofing.com/fire-damage-roof-replacement-montclair-nj,combos,Service+City combo,E,fire-damage-roof-replacement,montclair,CONSOLIDATE / 301,/roof-replacement-montclair-nj,Replacement-cause variant — redirect to canonical roof-replacement city combo
https://newarkqualityroofing.com/fire-damage-roof-replacement-bloomfield-nj,combos,Service+City combo,E,fire-damage-roof-replacement,bloomfield,CONSOLIDATE / 301,/roof-replacement-bloomfield-nj,Replacement-cause variant — redirect to canonical roof-replacement city combo
https://newarkqualityroofing.com/fire-damage-roof-replacement-belleville-nj,combos,Service+City combo,E,fire-damage-roof-replacement,belleville,CONSOLIDATE / 301,/roof-replacement-belleville-nj,Replacement-cause variant — redirect to canonical roof-replacement city combo
https://newarkqualityroofing.com/fire-damage-roof-replacement-nutley-nj,combos,Service+City combo,E,fire-damage-roof-replacement,nutley,CONSOLIDATE / 301,/roof-replacement-nutley-nj,Replacement-cause variant — redirect to canonical roof-replacement city combo
https://newarkqualityroofing.com/fire-damage-roof-replacement-irvington-nj,combos,Service+City combo,E,fire-damage-roof-replacement,irvington,CONSOLIDATE / 301,/roof-replacement-irvington-nj,Replacement-cause variant — redirect to canonical roof-replacement city combo
https://newarkqualityroofing.com/fire-damage-roof-replacement-maplewood-nj,combos,Service+City combo,E,fire-damage-roof-replacement,maplewood,CONSOLIDATE / 301,/roof-replacement-maplewood-nj,Replacement-cause variant — redirect to canonical roof-replacement city combo
https://newarkqualityroofing.com/fire-damage-roof-replacement-south-orange-nj,combos,Service+City combo,E,fire-damage-roof-replacement,south-orange,CONSOLIDATE / 301,/roof-replacement-south-orange-nj,Replacement-cause variant — redirect to canonical roof-replacement city combo
https://newarkqualityroofing.com/fire-damage-roof-replacement-livingston-nj,combos,Service+City combo,E,fire-damage-roof-replacement,livingston,CONSOLIDATE / 301,/roof-replacement-livingston-nj,Replacement-cause variant — redirect to canonical roof-replacement city combo
https://newarkqualityroofing.com/fire-damage-roof-replacement-millburn-nj,combos,Service+City combo,E,fire-damage-roof-replacement,millburn,CONSOLIDATE / 301,/roof-replacement-millburn-nj,Replacement-cause variant — redirect to canonical roof-replacement city combo
https://newarkqualityroofing.com/fire-damage-roof-replacement-cedar-grove-nj,combos,Service+City combo,E,fire-damage-roof-replacement,cedar-grove,CONSOLIDATE / 301,/roof-replacement-cedar-grove-nj,Replacement-cause variant — redirect to canonical roof-replacement city combo
https://newarkqualityroofing.com/fire-damage-roof-replacement-verona-nj,combos,Service+City combo,E,fire-damage-roof-replacement,verona,CONSOLIDATE / 301,/roof-replacement-verona-nj,Replacement-cause variant — redirect to canonical roof-replacement city combo
https://newarkqualityroofing.com/fire-damage-roof-replacement-glen-ridge-nj,combos,Service+City combo,E,fire-damage-roof-replacement,glen-ridge,CONSOLIDATE / 301,/roof-replacement-glen-ridge-nj,Replacement-cause variant — redirect to canonical roof-replacement city combo
https://newarkqualityroofing.com/fire-damage-roof-replacement-caldwell-nj,combos,Service+City combo,E,fire-damage-roof-replacement,caldwell,CONSOLIDATE / 301,/roof-replacement-caldwell-nj,Replacement-cause variant — redirect to canonical roof-replacement city combo
https://newarkqualityroofing.com/fire-damage-roof-replacement-essex-fells-nj,combos,Service+City combo,E,fire-damage-roof-replacement,essex-fells,CONSOLIDATE / 301,/roof-replacement-essex-fells-nj,Replacement-cause variant — redirect to canonical roof-replacement city combo
https://newarkqualityroofing.com/fire-damage-roof-replacement-fairfield-nj,combos,Service+City combo,E,fire-damage-roof-replacement,fairfield,CONSOLIDATE / 301,/roof-replacement-fairfield-nj,Replacement-cause variant — redirect to canonical roof-replacement city combo
https://newarkqualityroofing.com/fire-damage-roof-replacement-north-caldwell-nj,combos,Service+City combo,E,fire-damage-roof-replacement,north-caldwell,CONSOLIDATE / 301,/roof-replacement-north-caldwell-nj,Replacement-cause variant — redirect to canonical roof-replacement city combo
https://newarkqualityroofing.com/fire-damage-roof-replacement-roseland-nj,combos,Service+City combo,E,fire-damage-roof-replacement,roseland,CONSOLIDATE / 301,/roof-replacement-roseland-nj,Replacement-cause variant — redirect to canonical roof-replacement city combo
https://newarkqualityroofing.com/roof-replacement-cost-newark-nj,combos,Service+City combo,B,roof-replacement-cost,newark,KEEP-INDEX,,Important service in a top-10 Essex County city — keep with rewritten local content
https://newarkqualityroofing.com/roof-replacement-cost-east-orange-nj,combos,Service+City combo,B,roof-replacement-cost,east-orange,KEEP-INDEX,,Important service in a top-10 Essex County city — keep with rewritten local content
https://newarkqualityroofing.com/roof-replacement-cost-orange-nj,combos,Service+City combo,B,roof-replacement-cost,orange,NOINDEX,,Important service but in a low-volume city — let the parent service hub rank
https://newarkqualityroofing.com/roof-replacement-cost-west-orange-nj,combos,Service+City combo,B,roof-replacement-cost,west-orange,KEEP-INDEX,,Important service in a top-10 Essex County city — keep with rewritten local content
https://newarkqualityroofing.com/roof-replacement-cost-montclair-nj,combos,Service+City combo,B,roof-replacement-cost,montclair,KEEP-INDEX,,Important service in a top-10 Essex County city — keep with rewritten local content
https://newarkqualityroofing.com/roof-replacement-cost-bloomfield-nj,combos,Service+City combo,B,roof-replacement-cost,bloomfield,KEEP-INDEX,,Important service in a top-10 Essex County city — keep with rewritten local content
https://newarkqualityroofing.com/roof-replacement-cost-belleville-nj,combos,Service+City combo,B,roof-replacement-cost,belleville,KEEP-INDEX,,Important service in a top-10 Essex County city — keep with rewritten local content
https://newarkqualityroofing.com/roof-replacement-cost-nutley-nj,combos,Service+City combo,B,roof-replacement-cost,nutley,KEEP-INDEX,,Important service in a top-10 Essex County city — keep with rewritten local content
https://newarkqualityroofing.com/roof-replacement-cost-irvington-nj,combos,Service+City combo,B,roof-replacement-cost,irvington,KEEP-INDEX,,Important service in a top-10 Essex County city — keep with rewritten local content
https://newarkqualityroofing.com/roof-replacement-cost-maplewood-nj,combos,Service+City combo,B,roof-replacement-cost,maplewood,KEEP-INDEX,,Important service in a top-10 Essex County city — keep with rewritten local content
https://newarkqualityroofing.com/roof-replacement-cost-south-orange-nj,combos,Service+City combo,B,roof-replacement-cost,south-orange,KEEP-INDEX,,Important service in a top-10 Essex County city — keep with rewritten local content
https://newarkqualityroofing.com/roof-replacement-cost-livingston-nj,combos,Service+City combo,B,roof-replacement-cost,livingston,NOINDEX,,Important service but in a low-volume city — let the parent service hub rank
https://newarkqualityroofing.com/roof-replacement-cost-millburn-nj,combos,Service+City combo,B,roof-replacement-cost,millburn,NOINDEX,,Important service but in a low-volume city — let the parent service hub rank
https://newarkqualityroofing.com/roof-replacement-cost-cedar-grove-nj,combos,Service+City combo,B,roof-replacement-cost,cedar-grove,NOINDEX,,Important service but in a low-volume city — let the parent service hub rank
https://newarkqualityroofing.com/roof-replacement-cost-verona-nj,combos,Service+City combo,B,roof-replacement-cost,verona,NOINDEX,,Important service but in a low-volume city — let the parent service hub rank
https://newarkqualityroofing.com/roof-replacement-cost-glen-ridge-nj,combos,Service+City combo,B,roof-replacement-cost,glen-ridge,NOINDEX,,Important service but in a low-volume city — let the parent service hub rank
https://newarkqualityroofing.com/roof-replacement-cost-caldwell-nj,combos,Service+City combo,B,roof-replacement-cost,caldwell,NOINDEX,,Important service but in a low-volume city — let the parent service hub rank
https://newarkqualityroofing.com/roof-replacement-cost-essex-fells-nj,combos,Service+City combo,B,roof-replacement-cost,essex-fells,NOINDEX,,Important service but in a low-volume city — let the parent service hub rank
https://newarkqualityroofing.com/roof-replacement-cost-fairfield-nj,combos,Service+City combo,B,roof-replacement-cost,fairfield,NOINDEX,,Important service but in a low-volume city — let the parent service hub rank
https://newarkqualityroofing.com/roof-replacement-cost-north-caldwell-nj,combos,Service+City combo,B,roof-replacement-cost,north-caldwell,NOINDEX,,Important service but in a low-volume city — let the parent service hub rank
https://newarkqualityroofing.com/roof-replacement-cost-roseland-nj,combos,Service+City combo,B,roof-replacement-cost,roseland,NOINDEX,,Important service but in a low-volume city — let the parent service hub rank
https://newarkqualityroofing.com/asphalt-shingle-roof-replacement-newark-nj,combos,Service+City combo,C,asphalt-shingle-roof-replacement,newark,NOINDEX,,Material-specific service — let parent service hub rank; city hub covers location intent
https://newarkqualityroofing.com/asphalt-shingle-roof-replacement-east-orange-nj,combos,Service+City combo,C,asphalt-shingle-roof-replacement,east-orange,NOINDEX,,Material-specific service — let parent service hub rank; city hub covers location intent
https://newarkqualityroofing.com/asphalt-shingle-roof-replacement-orange-nj,combos,Service+City combo,C,asphalt-shingle-roof-replacement,orange,NOINDEX,,Material-specific service — let parent service hub rank; city hub covers location intent
https://newarkqualityroofing.com/asphalt-shingle-roof-replacement-west-orange-nj,combos,Service+City combo,C,asphalt-shingle-roof-replacement,west-orange,NOINDEX,,Material-specific service — let parent service hub rank; city hub covers location intent
https://newarkqualityroofing.com/asphalt-shingle-roof-replacement-montclair-nj,combos,Service+City combo,C,asphalt-shingle-roof-replacement,montclair,NOINDEX,,Material-specific service — let parent service hub rank; city hub covers location intent
https://newarkqualityroofing.com/asphalt-shingle-roof-replacement-bloomfield-nj,combos,Service+City combo,C,asphalt-shingle-roof-replacement,bloomfield,NOINDEX,,Material-specific service — let parent service hub rank; city hub covers location intent
https://newarkqualityroofing.com/asphalt-shingle-roof-replacement-belleville-nj,combos,Service+City combo,C,asphalt-shingle-roof-replacement,belleville,NOINDEX,,Material-specific service — let parent service hub rank; city hub covers location intent
https://newarkqualityroofing.com/asphalt-shingle-roof-replacement-nutley-nj,combos,Service+City combo,C,asphalt-shingle-roof-replacement,nutley,NOINDEX,,Material-specific service — let parent service hub rank; city hub covers location intent
https://newarkqualityroofing.com/asphalt-shingle-roof-replacement-irvington-nj,combos,Service+City combo,C,asphalt-shingle-roof-replacement,irvington,NOINDEX,,Material-specific service — let parent service hub rank; city hub covers location intent
https://newarkqualityroofing.com/asphalt-shingle-roof-replacement-maplewood-nj,combos,Service+City combo,C,asphalt-shingle-roof-replacement,maplewood,NOINDEX,,Material-specific service — let parent service hub rank; city hub covers location intent
https://newarkqualityroofing.com/asphalt-shingle-roof-replacement-south-orange-nj,combos,Service+City combo,C,asphalt-shingle-roof-replacement,south-orange,NOINDEX,,Material-specific service — let parent service hub rank; city hub covers location intent
https://newarkqualityroofing.com/asphalt-shingle-roof-replacement-livingston-nj,combos,Service+City combo,C,asphalt-shingle-roof-replacement,livingston,NOINDEX,,Material-specific service — let parent service hub rank; city hub covers location intent
https://newarkqualityroofing.com/asphalt-shingle-roof-replacement-millburn-nj,combos,Service+City combo,C,asphalt-shingle-roof-replacement,millburn,NOINDEX,,Material-specific service — let parent service hub rank; city hub covers location intent
https://newarkqualityroofing.com/asphalt-shingle-roof-replacement-cedar-grove-nj,combos,Service+City combo,C,asphalt-shingle-roof-replacement,cedar-grove,NOINDEX,,Material-specific service — let parent service hub rank; city hub covers location intent
https://newarkqualityroofing.com/asphalt-shingle-roof-replacement-verona-nj,combos,Service+City combo,C,asphalt-shingle-roof-replacement,verona,NOINDEX,,Material-specific service — let parent service hub rank; city hub covers location intent
https://newarkqualityroofing.com/asphalt-shingle-roof-replacement-glen-ridge-nj,combos,Service+City combo,C,asphalt-shingle-roof-replacement,glen-ridge,NOINDEX,,Material-specific service — let parent service hub rank; city hub covers location intent
https://newarkqualityroofing.com/asphalt-shingle-roof-replacement-caldwell-nj,combos,Service+City combo,C,asphalt-shingle-roof-replacement,caldwell,NOINDEX,,Material-specific service — let parent service hub rank; city hub covers location intent
https://newarkqualityroofing.com/asphalt-shingle-roof-replacement-essex-fells-nj,combos,Service+City combo,C,asphalt-shingle-roof-replacement,essex-fells,NOINDEX,,Material-specific service — let parent service hub rank; city hub covers location intent
https://newarkqualityroofing.com/asphalt-shingle-roof-replacement-fairfield-nj,combos,Service+City combo,C,asphalt-shingle-roof-replacement,fairfield,NOINDEX,,Material-specific service — let parent service hub rank; city hub covers location intent
https://newarkqualityroofing.com/asphalt-shingle-roof-replacement-north-caldwell-nj,combos,Service+City combo,C,asphalt-shingle-roof-replacement,north-caldwell,NOINDEX,,Material-specific service — let parent service hub rank; city hub covers location intent
https://newarkqualityroofing.com/asphalt-shingle-roof-replacement-roseland-nj,combos,Service+City combo,C,asphalt-shingle-roof-replacement,roseland,NOINDEX,,Material-specific service — let parent service hub rank; city hub covers location intent
https://newarkqualityroofing.com/metal-roof-replacement-newark-nj,combos,Service+City combo,C,metal-roof-replacement,newark,NOINDEX,,Material-specific service — let parent service hub rank; city hub covers location intent
https://newarkqualityroofing.com/metal-roof-replacement-east-orange-nj,combos,Service+City combo,C,metal-roof-replacement,east-orange,NOINDEX,,Material-specific service — let parent service hub rank; city hub covers location intent
https://newarkqualityroofing.com/metal-roof-replacement-orange-nj,combos,Service+City combo,C,metal-roof-replacement,orange,NOINDEX,,Material-specific service — let parent service hub rank; city hub covers location intent
https://newarkqualityroofing.com/metal-roof-replacement-west-orange-nj,combos,Service+City combo,C,metal-roof-replacement,west-orange,NOINDEX,,Material-specific service — let parent service hub rank; city hub covers location intent
https://newarkqualityroofing.com/metal-roof-replacement-montclair-nj,combos,Service+City combo,C,metal-roof-replacement,montclair,NOINDEX,,Material-specific service — let parent service hub rank; city hub covers location intent
https://newarkqualityroofing.com/metal-roof-replacement-bloomfield-nj,combos,Service+City combo,C,metal-roof-replacement,bloomfield,NOINDEX,,Material-specific service — let parent service hub rank; city hub covers location intent
https://newarkqualityroofing.com/metal-roof-replacement-belleville-nj,combos,Service+City combo,C,metal-roof-replacement,belleville,NOINDEX,,Material-specific service — let parent service hub rank; city hub covers location intent
https://newarkqualityroofing.com/metal-roof-replacement-nutley-nj,combos,Service+City combo,C,metal-roof-replacement,nutley,NOINDEX,,Material-specific service — let parent service hub rank; city hub covers location intent
https://newarkqualityroofing.com/metal-roof-replacement-irvington-nj,combos,Service+City combo,C,metal-roof-replacement,irvington,NOINDEX,,Material-specific service — let parent service hub rank; city hub covers location intent
https://newarkqualityroofing.com/metal-roof-replacement-maplewood-nj,combos,Service+City combo,C,metal-roof-replacement,maplewood,NOINDEX,,Material-specific service — let parent service hub rank; city hub covers location intent
https://newarkqualityroofing.com/metal-roof-replacement-south-orange-nj,combos,Service+City combo,C,metal-roof-replacement,south-orange,NOINDEX,,Material-specific service — let parent service hub rank; city hub covers location intent
https://newarkqualityroofing.com/metal-roof-replacement-livingston-nj,combos,Service+City combo,C,metal-roof-replacement,livingston,NOINDEX,,Material-specific service — let parent service hub rank; city hub covers location intent
https://newarkqualityroofing.com/metal-roof-replacement-millburn-nj,combos,Service+City combo,C,metal-roof-replacement,millburn,NOINDEX,,Material-specific service — let parent service hub rank; city hub covers location intent
https://newarkqualityroofing.com/metal-roof-replacement-cedar-grove-nj,combos,Service+City combo,C,metal-roof-replacement,cedar-grove,NOINDEX,,Material-specific service — let parent service hub rank; city hub covers location intent
https://newarkqualityroofing.com/metal-roof-replacement-verona-nj,combos,Service+City combo,C,metal-roof-replacement,verona,NOINDEX,,Material-specific service — let parent service hub rank; city hub covers location intent
https://newarkqualityroofing.com/metal-roof-replacement-glen-ridge-nj,combos,Service+City combo,C,metal-roof-replacement,glen-ridge,NOINDEX,,Material-specific service — let parent service hub rank; city hub covers location intent
https://newarkqualityroofing.com/metal-roof-replacement-caldwell-nj,combos,Service+City combo,C,metal-roof-replacement,caldwell,NOINDEX,,Material-specific service — let parent service hub rank; city hub covers location intent
https://newarkqualityroofing.com/metal-roof-replacement-essex-fells-nj,combos,Service+City combo,C,metal-roof-replacement,essex-fells,NOINDEX,,Material-specific service — let parent service hub rank; city hub covers location intent
https://newarkqualityroofing.com/metal-roof-replacement-fairfield-nj,combos,Service+City combo,C,metal-roof-replacement,fairfield,NOINDEX,,Material-specific service — let parent service hub rank; city hub covers location intent
https://newarkqualityroofing.com/metal-roof-replacement-north-caldwell-nj,combos,Service+City combo,C,metal-roof-replacement,north-caldwell,NOINDEX,,Material-specific service — let parent service hub rank; city hub covers location intent
https://newarkqualityroofing.com/metal-roof-replacement-roseland-nj,combos,Service+City combo,C,metal-roof-replacement,roseland,NOINDEX,,Material-specific service — let parent service hub rank; city hub covers location intent
https://newarkqualityroofing.com/slate-roof-replacement-newark-nj,combos,Service+City combo,C,slate-roof-replacement,newark,NOINDEX,,Material-specific service — let parent service hub rank; city hub covers location intent
https://newarkqualityroofing.com/slate-roof-replacement-east-orange-nj,combos,Service+City combo,C,slate-roof-replacement,east-orange,NOINDEX,,Material-specific service — let parent service hub rank; city hub covers location intent
https://newarkqualityroofing.com/slate-roof-replacement-orange-nj,combos,Service+City combo,C,slate-roof-replacement,orange,NOINDEX,,Material-specific service — let parent service hub rank; city hub covers location intent
https://newarkqualityroofing.com/slate-roof-replacement-west-orange-nj,combos,Service+City combo,C,slate-roof-replacement,west-orange,NOINDEX,,Material-specific service — let parent service hub rank; city hub covers location intent
https://newarkqualityroofing.com/slate-roof-replacement-montclair-nj,combos,Service+City combo,C,slate-roof-replacement,montclair,NOINDEX,,Material-specific service — let parent service hub rank; city hub covers location intent
https://newarkqualityroofing.com/slate-roof-replacement-bloomfield-nj,combos,Service+City combo,C,slate-roof-replacement,bloomfield,NOINDEX,,Material-specific service — let parent service hub rank; city hub covers location intent
https://newarkqualityroofing.com/slate-roof-replacement-belleville-nj,combos,Service+City combo,C,slate-roof-replacement,belleville,NOINDEX,,Material-specific service — let parent service hub rank; city hub covers location intent
https://newarkqualityroofing.com/slate-roof-replacement-nutley-nj,combos,Service+City combo,C,slate-roof-replacement,nutley,NOINDEX,,Material-specific service — let parent service hub rank; city hub covers location intent
https://newarkqualityroofing.com/slate-roof-replacement-irvington-nj,combos,Service+City combo,C,slate-roof-replacement,irvington,NOINDEX,,Material-specific service — let parent service hub rank; city hub covers location intent
https://newarkqualityroofing.com/slate-roof-replacement-maplewood-nj,combos,Service+City combo,C,slate-roof-replacement,maplewood,NOINDEX,,Material-specific service — let parent service hub rank; city hub covers location intent
https://newarkqualityroofing.com/slate-roof-replacement-south-orange-nj,combos,Service+City combo,C,slate-roof-replacement,south-orange,NOINDEX,,Material-specific service — let parent service hub rank; city hub covers location intent
https://newarkqualityroofing.com/slate-roof-replacement-livingston-nj,combos,Service+City combo,C,slate-roof-replacement,livingston,NOINDEX,,Material-specific service — let parent service hub rank; city hub covers location intent
https://newarkqualityroofing.com/slate-roof-replacement-millburn-nj,combos,Service+City combo,C,slate-roof-replacement,millburn,NOINDEX,,Material-specific service — let parent service hub rank; city hub covers location intent
https://newarkqualityroofing.com/slate-roof-replacement-cedar-grove-nj,combos,Service+City combo,C,slate-roof-replacement,cedar-grove,NOINDEX,,Material-specific service — let parent service hub rank; city hub covers location intent
https://newarkqualityroofing.com/slate-roof-replacement-verona-nj,combos,Service+City combo,C,slate-roof-replacement,verona,NOINDEX,,Material-specific service — let parent service hub rank; city hub covers location intent
https://newarkqualityroofing.com/slate-roof-replacement-glen-ridge-nj,combos,Service+City combo,C,slate-roof-replacement,glen-ridge,NOINDEX,,Material-specific service — let parent service hub rank; city hub covers location intent
https://newarkqualityroofing.com/slate-roof-replacement-caldwell-nj,combos,Service+City combo,C,slate-roof-replacement,caldwell,NOINDEX,,Material-specific service — let parent service hub rank; city hub covers location intent
https://newarkqualityroofing.com/slate-roof-replacement-essex-fells-nj,combos,Service+City combo,C,slate-roof-replacement,essex-fells,NOINDEX,,Material-specific service — let parent service hub rank; city hub covers location intent
https://newarkqualityroofing.com/slate-roof-replacement-fairfield-nj,combos,Service+City combo,C,slate-roof-replacement,fairfield,NOINDEX,,Material-specific service — let parent service hub rank; city hub covers location intent
https://newarkqualityroofing.com/slate-roof-replacement-north-caldwell-nj,combos,Service+City combo,C,slate-roof-replacement,north-caldwell,NOINDEX,,Material-specific service — let parent service hub rank; city hub covers location intent
https://newarkqualityroofing.com/slate-roof-replacement-roseland-nj,combos,Service+City combo,C,slate-roof-replacement,roseland,NOINDEX,,Material-specific service — let parent service hub rank; city hub covers location intent
https://newarkqualityroofing.com/tile-roof-replacement-newark-nj,combos,Service+City combo,C,tile-roof-replacement,newark,NOINDEX,,Material-specific service — let parent service hub rank; city hub covers location intent
https://newarkqualityroofing.com/tile-roof-replacement-east-orange-nj,combos,Service+City combo,C,tile-roof-replacement,east-orange,NOINDEX,,Material-specific service — let parent service hub rank; city hub covers location intent
https://newarkqualityroofing.com/tile-roof-replacement-orange-nj,combos,Service+City combo,C,tile-roof-replacement,orange,NOINDEX,,Material-specific service — let parent service hub rank; city hub covers location intent
https://newarkqualityroofing.com/tile-roof-replacement-west-orange-nj,combos,Service+City combo,C,tile-roof-replacement,west-orange,NOINDEX,,Material-specific service — let parent service hub rank; city hub covers location intent
https://newarkqualityroofing.com/tile-roof-replacement-montclair-nj,combos,Service+City combo,C,tile-roof-replacement,montclair,NOINDEX,,Material-specific service — let parent service hub rank; city hub covers location intent
https://newarkqualityroofing.com/tile-roof-replacement-bloomfield-nj,combos,Service+City combo,C,tile-roof-replacement,bloomfield,NOINDEX,,Material-specific service — let parent service hub rank; city hub covers location intent
https://newarkqualityroofing.com/tile-roof-replacement-belleville-nj,combos,Service+City combo,C,tile-roof-replacement,belleville,NOINDEX,,Material-specific service — let parent service hub rank; city hub covers location intent
https://newarkqualityroofing.com/tile-roof-replacement-nutley-nj,combos,Service+City combo,C,tile-roof-replacement,nutley,NOINDEX,,Material-specific service — let parent service hub rank; city hub covers location intent
https://newarkqualityroofing.com/tile-roof-replacement-irvington-nj,combos,Service+City combo,C,tile-roof-replacement,irvington,NOINDEX,,Material-specific service — let parent service hub rank; city hub covers location intent
https://newarkqualityroofing.com/tile-roof-replacement-maplewood-nj,combos,Service+City combo,C,tile-roof-replacement,maplewood,NOINDEX,,Material-specific service — let parent service hub rank; city hub covers location intent
https://newarkqualityroofing.com/tile-roof-replacement-south-orange-nj,combos,Service+City combo,C,tile-roof-replacement,south-orange,NOINDEX,,Material-specific service — let parent service hub rank; city hub covers location intent
https://newarkqualityroofing.com/tile-roof-replacement-livingston-nj,combos,Service+City combo,C,tile-roof-replacement,livingston,NOINDEX,,Material-specific service — let parent service hub rank; city hub covers location intent
https://newarkqualityroofing.com/tile-roof-replacement-millburn-nj,combos,Service+City combo,C,tile-roof-replacement,millburn,NOINDEX,,Material-specific service — let parent service hub rank; city hub covers location intent
https://newarkqualityroofing.com/tile-roof-replacement-cedar-grove-nj,combos,Service+City combo,C,tile-roof-replacement,cedar-grove,NOINDEX,,Material-specific service — let parent service hub rank; city hub covers location intent
https://newarkqualityroofing.com/tile-roof-replacement-verona-nj,combos,Service+City combo,C,tile-roof-replacement,verona,NOINDEX,,Material-specific service — let parent service hub rank; city hub covers location intent
https://newarkqualityroofing.com/tile-roof-replacement-glen-ridge-nj,combos,Service+City combo,C,tile-roof-replacement,glen-ridge,NOINDEX,,Material-specific service — let parent service hub rank; city hub covers location intent
https://newarkqualityroofing.com/tile-roof-replacement-caldwell-nj,combos,Service+City combo,C,tile-roof-replacement,caldwell,NOINDEX,,Material-specific service — let parent service hub rank; city hub covers location intent
https://newarkqualityroofing.com/tile-roof-replacement-essex-fells-nj,combos,Service+City combo,C,tile-roof-replacement,essex-fells,NOINDEX,,Material-specific service — let parent service hub rank; city hub covers location intent
https://newarkqualityroofing.com/tile-roof-replacement-fairfield-nj,combos,Service+City combo,C,tile-roof-replacement,fairfield,NOINDEX,,Material-specific service — let parent service hub rank; city hub covers location intent
https://newarkqualityroofing.com/tile-roof-replacement-north-caldwell-nj,combos,Service+City combo,C,tile-roof-replacement,north-caldwell,NOINDEX,,Material-specific service — let parent service hub rank; city hub covers location intent
https://newarkqualityroofing.com/tile-roof-replacement-roseland-nj,combos,Service+City combo,C,tile-roof-replacement,roseland,NOINDEX,,Material-specific service — let parent service hub rank; city hub covers location intent
https://newarkqualityroofing.com/flat-roof-replacement-newark-nj,combos,Service+City combo,C,flat-roof-replacement,newark,NOINDEX,,Material-specific service — let parent service hub rank; city hub covers location intent
https://newarkqualityroofing.com/flat-roof-replacement-east-orange-nj,combos,Service+City combo,C,flat-roof-replacement,east-orange,NOINDEX,,Material-specific service — let parent service hub rank; city hub covers location intent
https://newarkqualityroofing.com/flat-roof-replacement-orange-nj,combos,Service+City combo,C,flat-roof-replacement,orange,NOINDEX,,Material-specific service — let parent service hub rank; city hub covers location intent
https://newarkqualityroofing.com/flat-roof-replacement-west-orange-nj,combos,Service+City combo,C,flat-roof-replacement,west-orange,NOINDEX,,Material-specific service — let parent service hub rank; city hub covers location intent
https://newarkqualityroofing.com/flat-roof-replacement-montclair-nj,combos,Service+City combo,C,flat-roof-replacement,montclair,NOINDEX,,Material-specific service — let parent service hub rank; city hub covers location intent
https://newarkqualityroofing.com/flat-roof-replacement-bloomfield-nj,combos,Service+City combo,C,flat-roof-replacement,bloomfield,NOINDEX,,Material-specific service — let parent service hub rank; city hub covers location intent
https://newarkqualityroofing.com/flat-roof-replacement-belleville-nj,combos,Service+City combo,C,flat-roof-replacement,belleville,NOINDEX,,Material-specific service — let parent service hub rank; city hub covers location intent
https://newarkqualityroofing.com/flat-roof-replacement-nutley-nj,combos,Service+City combo,C,flat-roof-replacement,nutley,NOINDEX,,Material-specific service — let parent service hub rank; city hub covers location intent
https://newarkqualityroofing.com/flat-roof-replacement-irvington-nj,combos,Service+City combo,C,flat-roof-replacement,irvington,NOINDEX,,Material-specific service — let parent service hub rank; city hub covers location intent
https://newarkqualityroofing.com/flat-roof-replacement-maplewood-nj,combos,Service+City combo,C,flat-roof-replacement,maplewood,NOINDEX,,Material-specific service — let parent service hub rank; city hub covers location intent
https://newarkqualityroofing.com/flat-roof-replacement-south-orange-nj,combos,Service+City combo,C,flat-roof-replacement,south-orange,NOINDEX,,Material-specific service — let parent service hub rank; city hub covers location intent
https://newarkqualityroofing.com/flat-roof-replacement-livingston-nj,combos,Service+City combo,C,flat-roof-replacement,livingston,NOINDEX,,Material-specific service — let parent service hub rank; city hub covers location intent
https://newarkqualityroofing.com/flat-roof-replacement-millburn-nj,combos,Service+City combo,C,flat-roof-replacement,millburn,NOINDEX,,Material-specific service — let parent service hub rank; city hub covers location intent
https://newarkqualityroofing.com/flat-roof-replacement-cedar-grove-nj,combos,Service+City combo,C,flat-roof-replacement,cedar-grove,NOINDEX,,Material-specific service — let parent service hub rank; city hub covers location intent
https://newarkqualityroofing.com/flat-roof-replacement-verona-nj,combos,Service+City combo,C,flat-roof-replacement,verona,NOINDEX,,Material-specific service — let parent service hub rank; city hub covers location intent
https://newarkqualityroofing.com/flat-roof-replacement-glen-ridge-nj,combos,Service+City combo,C,flat-roof-replacement,glen-ridge,NOINDEX,,Material-specific service — let parent service hub rank; city hub covers location intent
https://newarkqualityroofing.com/flat-roof-replacement-caldwell-nj,combos,Service+City combo,C,flat-roof-replacement,caldwell,NOINDEX,,Material-specific service — let parent service hub rank; city hub covers location intent
https://newarkqualityroofing.com/flat-roof-replacement-essex-fells-nj,combos,Service+City combo,C,flat-roof-replacement,essex-fells,NOINDEX,,Material-specific service — let parent service hub rank; city hub covers location intent
https://newarkqualityroofing.com/flat-roof-replacement-fairfield-nj,combos,Service+City combo,C,flat-roof-replacement,fairfield,NOINDEX,,Material-specific service — let parent service hub rank; city hub covers location intent
https://newarkqualityroofing.com/flat-roof-replacement-north-caldwell-nj,combos,Service+City combo,C,flat-roof-replacement,north-caldwell,NOINDEX,,Material-specific service — let parent service hub rank; city hub covers location intent
https://newarkqualityroofing.com/flat-roof-replacement-roseland-nj,combos,Service+City combo,C,flat-roof-replacement,roseland,NOINDEX,,Material-specific service — let parent service hub rank; city hub covers location intent
https://newarkqualityroofing.com/cedar-shake-roof-replacement-newark-nj,combos,Service+City combo,C,cedar-shake-roof-replacement,newark,NOINDEX,,Material-specific service — let parent service hub rank; city hub covers location intent
https://newarkqualityroofing.com/cedar-shake-roof-replacement-east-orange-nj,combos,Service+City combo,C,cedar-shake-roof-replacement,east-orange,NOINDEX,,Material-specific service — let parent service hub rank; city hub covers location intent
https://newarkqualityroofing.com/cedar-shake-roof-replacement-orange-nj,combos,Service+City combo,C,cedar-shake-roof-replacement,orange,NOINDEX,,Material-specific service — let parent service hub rank; city hub covers location intent
https://newarkqualityroofing.com/cedar-shake-roof-replacement-west-orange-nj,combos,Service+City combo,C,cedar-shake-roof-replacement,west-orange,NOINDEX,,Material-specific service — let parent service hub rank; city hub covers location intent
https://newarkqualityroofing.com/cedar-shake-roof-replacement-montclair-nj,combos,Service+City combo,C,cedar-shake-roof-replacement,montclair,NOINDEX,,Material-specific service — let parent service hub rank; city hub covers location intent
https://newarkqualityroofing.com/cedar-shake-roof-replacement-bloomfield-nj,combos,Service+City combo,C,cedar-shake-roof-replacement,bloomfield,NOINDEX,,Material-specific service — let parent service hub rank; city hub covers location intent
https://newarkqualityroofing.com/cedar-shake-roof-replacement-belleville-nj,combos,Service+City combo,C,cedar-shake-roof-replacement,belleville,NOINDEX,,Material-specific service — let parent service hub rank; city hub covers location intent
https://newarkqualityroofing.com/cedar-shake-roof-replacement-nutley-nj,combos,Service+City combo,C,cedar-shake-roof-replacement,nutley,NOINDEX,,Material-specific service — let parent service hub rank; city hub covers location intent
https://newarkqualityroofing.com/cedar-shake-roof-replacement-irvington-nj,combos,Service+City combo,C,cedar-shake-roof-replacement,irvington,NOINDEX,,Material-specific service — let parent service hub rank; city hub covers location intent
https://newarkqualityroofing.com/cedar-shake-roof-replacement-maplewood-nj,combos,Service+City combo,C,cedar-shake-roof-replacement,maplewood,NOINDEX,,Material-specific service — let parent service hub rank; city hub covers location intent
https://newarkqualityroofing.com/cedar-shake-roof-replacement-south-orange-nj,combos,Service+City combo,C,cedar-shake-roof-replacement,south-orange,NOINDEX,,Material-specific service — let parent service hub rank; city hub covers location intent
https://newarkqualityroofing.com/cedar-shake-roof-replacement-livingston-nj,combos,Service+City combo,C,cedar-shake-roof-replacement,livingston,NOINDEX,,Material-specific service — let parent service hub rank; city hub covers location intent
https://newarkqualityroofing.com/cedar-shake-roof-replacement-millburn-nj,combos,Service+City combo,C,cedar-shake-roof-replacement,millburn,NOINDEX,,Material-specific service — let parent service hub rank; city hub covers location intent
https://newarkqualityroofing.com/cedar-shake-roof-replacement-cedar-grove-nj,combos,Service+City combo,C,cedar-shake-roof-replacement,cedar-grove,NOINDEX,,Material-specific service — let parent service hub rank; city hub covers location intent
https://newarkqualityroofing.com/cedar-shake-roof-replacement-verona-nj,combos,Service+City combo,C,cedar-shake-roof-replacement,verona,NOINDEX,,Material-specific service — let parent service hub rank; city hub covers location intent
https://newarkqualityroofing.com/cedar-shake-roof-replacement-glen-ridge-nj,combos,Service+City combo,C,cedar-shake-roof-replacement,glen-ridge,NOINDEX,,Material-specific service — let parent service hub rank; city hub covers location intent
https://newarkqualityroofing.com/cedar-shake-roof-replacement-caldwell-nj,combos,Service+City combo,C,cedar-shake-roof-replacement,caldwell,NOINDEX,,Material-specific service — let parent service hub rank; city hub covers location intent
https://newarkqualityroofing.com/cedar-shake-roof-replacement-essex-fells-nj,combos,Service+City combo,C,cedar-shake-roof-replacement,essex-fells,NOINDEX,,Material-specific service — let parent service hub rank; city hub covers location intent
https://newarkqualityroofing.com/cedar-shake-roof-replacement-fairfield-nj,combos,Service+City combo,C,cedar-shake-roof-replacement,fairfield,NOINDEX,,Material-specific service — let parent service hub rank; city hub covers location intent
https://newarkqualityroofing.com/cedar-shake-roof-replacement-north-caldwell-nj,combos,Service+City combo,C,cedar-shake-roof-replacement,north-caldwell,NOINDEX,,Material-specific service — let parent service hub rank; city hub covers location intent
https://newarkqualityroofing.com/cedar-shake-roof-replacement-roseland-nj,combos,Service+City combo,C,cedar-shake-roof-replacement,roseland,NOINDEX,,Material-specific service — let parent service hub rank; city hub covers location intent
https://newarkqualityroofing.com/asphalt-shingles-vs-metal-roofing,comparisons,Comparison / decision guide,Compare,,,KEEP-INDEX,,"Comparison/decision guide — keep; rewrite H-tags into questions, fold into /roofing-knowledge-base/ Materials cluster, delete internal-SEO appendix"
https://newarkqualityroofing.com/slate-vs-tile-roofing,comparisons,Comparison / decision guide,Compare,,,KEEP-INDEX,,"Comparison/decision guide — keep; rewrite H-tags into questions, fold into /roofing-knowledge-base/ Materials cluster, delete internal-SEO appendix"
https://newarkqualityroofing.com/tpo-vs-epdm-roofing,comparisons,Comparison / decision guide,Compare,,,KEEP-INDEX,,"Comparison/decision guide — keep; rewrite H-tags into questions, fold into /roofing-knowledge-base/ Materials cluster, delete internal-SEO appendix"
https://newarkqualityroofing.com/metal-vs-tile-roofing,comparisons,Comparison / decision guide,Compare,,,KEEP-INDEX,,"Comparison/decision guide — keep; rewrite H-tags into questions, fold into /roofing-knowledge-base/ Materials cluster, delete internal-SEO appendix"
https://newarkqualityroofing.com/asphalt-vs-slate-roofing,comparisons,Comparison / decision guide,Compare,,,KEEP-INDEX,,"Comparison/decision guide — keep; rewrite H-tags into questions, fold into /roofing-knowledge-base/ Materials cluster, delete internal-SEO appendix"
https://newarkqualityroofing.com/wood-shake-vs-asphalt-shingles,comparisons,Comparison / decision guide,Compare,,,KEEP-INDEX,,"Comparison/decision guide — keep; rewrite H-tags into questions, fold into /roofing-knowledge-base/ Materials cluster, delete internal-SEO appendix"
https://newarkqualityroofing.com/pvc-vs-tpo-roofing,comparisons,Comparison / decision guide,Compare,,,KEEP-INDEX,,"Comparison/decision guide — keep; rewrite H-tags into questions, fold into /roofing-knowledge-base/ Materials cluster, delete internal-SEO appendix"
https://newarkqualityroofing.com/standing-seam-vs-corrugated-metal,comparisons,Comparison / decision guide,Compare,,,KEEP-INDEX,,"Comparison/decision guide — keep; rewrite H-tags into questions, fold into /roofing-knowledge-base/ Materials cluster, delete internal-SEO appendix"
https://newarkqualityroofing.com/modified-bitumen-vs-tpo,comparisons,Comparison / decision guide,Compare,,,KEEP-INDEX,,"Comparison/decision guide — keep; rewrite H-tags into questions, fold into /roofing-knowledge-base/ Materials cluster, delete internal-SEO appendix"
https://newarkqualityroofing.com/rubber-roofing-vs-tpo,comparisons,Comparison / decision guide,Compare,,,KEEP-INDEX,,"Comparison/decision guide — keep; rewrite H-tags into questions, fold into /roofing-knowledge-base/ Materials cluster, delete internal-SEO appendix"
https://newarkqualityroofing.com/cedar-shake-vs-wood-shingle,comparisons,Comparison / decision guide,Compare,,,KEEP-INDEX,,"Comparison/decision guide — keep; rewrite H-tags into questions, fold into /roofing-knowledge-base/ Materials cluster, delete internal-SEO appendix"
https://newarkqualityroofing.com/built-up-roofing-vs-modified-bitumen,comparisons,Comparison / decision guide,Compare,,,KEEP-INDEX,,"Comparison/decision guide — keep; rewrite H-tags into questions, fold into /roofing-knowledge-base/ Materials cluster, delete internal-SEO appendix"
https://newarkqualityroofing.com/spray-foam-vs-tpo,comparisons,Comparison / decision guide,Compare,,,KEEP-INDEX,,"Comparison/decision guide — keep; rewrite H-tags into questions, fold into /roofing-knowledge-base/ Materials cluster, delete internal-SEO appendix"
https://newarkqualityroofing.com/green-roof-vs-traditional-roofing,comparisons,Comparison / decision guide,Compare,,,KEEP-INDEX,,"Comparison/decision guide — keep; rewrite H-tags into questions, fold into /roofing-knowledge-base/ Materials cluster, delete internal-SEO appendix"
https://newarkqualityroofing.com/solar-shingles-vs-solar-panels,comparisons,Comparison / decision guide,Compare,,,KEEP-INDEX,,"Comparison/decision guide — keep; rewrite H-tags into questions, fold into /roofing-knowledge-base/ Materials cluster, delete internal-SEO appendix"
https://newarkqualityroofing.com/roof-repair-vs-replacement,comparisons,Comparison / decision guide,Compare,,,KEEP-INDEX,,"Comparison/decision guide — keep; rewrite H-tags into questions, fold into /roofing-knowledge-base/ Materials cluster, delete internal-SEO appendix"
https://newarkqualityroofing.com/roof-coating-vs-replacement,comparisons,Comparison / decision guide,Compare,,,KEEP-INDEX,,"Comparison/decision guide — keep; rewrite H-tags into questions, fold into /roofing-knowledge-base/ Materials cluster, delete internal-SEO appendix"
https://newarkqualityroofing.com/roof-overlay-vs-tear-off,comparisons,Comparison / decision guide,Compare,,,KEEP-INDEX,,"Comparison/decision guide — keep; rewrite H-tags into questions, fold into /roofing-knowledge-base/ Materials cluster, delete internal-SEO appendix"
https://newarkqualityroofing.com/patching-vs-full-roof-repair,comparisons,Comparison / decision guide,Compare,,,KEEP-INDEX,,"Comparison/decision guide — keep; rewrite H-tags into questions, fold into /roofing-knowledge-base/ Materials cluster, delete internal-SEO appendix"
https://newarkqualityroofing.com/preventive-maintenance-vs-emergency-repair,comparisons,Comparison / decision guide,Compare,,,KEEP-INDEX,,"Comparison/decision guide — keep; rewrite H-tags into questions, fold into /roofing-knowledge-base/ Materials cluster, delete internal-SEO appendix"
https://newarkqualityroofing.com/best-roofing-material-nj-weather,comparisons,Comparison / decision guide,Compare,,,KEEP-INDEX,,"Comparison/decision guide — keep; rewrite H-tags into questions, fold into /roofing-knowledge-base/ Materials cluster, delete internal-SEO appendix"
https://newarkqualityroofing.com/best-commercial-roofing-material,comparisons,Comparison / decision guide,Compare,,,KEEP-INDEX,,"Comparison/decision guide — keep; rewrite H-tags into questions, fold into /roofing-knowledge-base/ Materials cluster, delete internal-SEO appendix"
https://newarkqualityroofing.com/best-roofing-for-flat-roofs,comparisons,Comparison / decision guide,Compare,,,KEEP-INDEX,,"Comparison/decision guide — keep; rewrite H-tags into questions, fold into /roofing-knowledge-base/ Materials cluster, delete internal-SEO appendix"
https://newarkqualityroofing.com/best-roofing-for-historic-homes-nj,comparisons,Comparison / decision guide,Compare,,,KEEP-INDEX,,"Comparison/decision guide — keep; rewrite H-tags into questions, fold into /roofing-knowledge-base/ Materials cluster, delete internal-SEO appendix"
https://newarkqualityroofing.com/cheapest-vs-most-durable-roofing,comparisons,Comparison / decision guide,Compare,,,KEEP-INDEX,,"Comparison/decision guide — keep; rewrite H-tags into questions, fold into /roofing-knowledge-base/ Materials cluster, delete internal-SEO appendix"
https://newarkqualityroofing.com/most-energy-efficient-roofing-materials,comparisons,Comparison / decision guide,Compare,,,KEEP-INDEX,,"Comparison/decision guide — keep; rewrite H-tags into questions, fold into /roofing-knowledge-base/ Materials cluster, delete internal-SEO appendix"
https://newarkqualityroofing.com/architectural-vs-3-tab-shingles,comparisons,Comparison / decision guide,Compare,,,KEEP-INDEX,,"Comparison/decision guide — keep; rewrite H-tags into questions, fold into /roofing-knowledge-base/ Materials cluster, delete internal-SEO appendix"
https://newarkqualityroofing.com/diy-vs-professional-roof-repair,comparisons,Comparison / decision guide,Compare,,,KEEP-INDEX,,"Comparison/decision guide — keep; rewrite H-tags into questions, fold into /roofing-knowledge-base/ Materials cluster, delete internal-SEO appendix"
https://newarkqualityroofing.com/best-roofing-for-essex-county-colonial-homes,comparisons,Comparison / decision guide,Compare,,,KEEP-INDEX,,"Comparison/decision guide — keep; rewrite H-tags into questions, fold into /roofing-knowledge-base/ Materials cluster, delete internal-SEO appendix"
https://newarkqualityroofing.com/roof-warranty-comparison-guide,comparisons,Comparison / decision guide,Compare,,,KEEP-INDEX,,"Comparison/decision guide — keep; rewrite H-tags into questions, fold into /roofing-knowledge-base/ Materials cluster, delete internal-SEO appendix"
https://newarkqualityroofing.com/signs-you-need-roof-repair-nj,articles,Knowledge base article,Article,,,KEEP-INDEX,,"Knowledge base article — keep; rewrite H-tags into questions, delete internal-SEO appendix, map to one of 6 KB clusters"
https://newarkqualityroofing.com/how-much-does-roof-repair-cost-in-nj,articles,Knowledge base article,Article,,,KEEP-INDEX,,"Knowledge base article — keep; rewrite H-tags into questions, delete internal-SEO appendix, map to one of 6 KB clusters"
https://newarkqualityroofing.com/choosing-the-right-roof-repair-contractor-nj,articles,Knowledge base article,Article,,,KEEP-INDEX,,"Knowledge base article — keep; rewrite H-tags into questions, delete internal-SEO appendix, map to one of 6 KB clusters"
https://newarkqualityroofing.com/signs-you-need-roof-replacement-nj,articles,Knowledge base article,Article,,,KEEP-INDEX,,"Knowledge base article — keep; rewrite H-tags into questions, delete internal-SEO appendix, map to one of 6 KB clusters"
https://newarkqualityroofing.com/how-much-does-roof-replacement-cost-in-nj,articles,Knowledge base article,Article,,,KEEP-INDEX,,"Knowledge base article — keep; rewrite H-tags into questions, delete internal-SEO appendix, map to one of 6 KB clusters"
https://newarkqualityroofing.com/choosing-the-right-roof-replacement-contractor-nj,articles,Knowledge base article,Article,,,KEEP-INDEX,,"Knowledge base article — keep; rewrite H-tags into questions, delete internal-SEO appendix, map to one of 6 KB clusters"
https://newarkqualityroofing.com/signs-you-need-emergency-roof-repair-nj,articles,Knowledge base article,Article,,,KEEP-INDEX,,"Knowledge base article — keep; rewrite H-tags into questions, delete internal-SEO appendix, map to one of 6 KB clusters"
https://newarkqualityroofing.com/how-much-does-emergency-roof-repair-cost-in-nj,articles,Knowledge base article,Article,,,KEEP-INDEX,,"Knowledge base article — keep; rewrite H-tags into questions, delete internal-SEO appendix, map to one of 6 KB clusters"
https://newarkqualityroofing.com/choosing-the-right-emergency-roof-repair-contractor-nj,articles,Knowledge base article,Article,,,KEEP-INDEX,,"Knowledge base article — keep; rewrite H-tags into questions, delete internal-SEO appendix, map to one of 6 KB clusters"
https://newarkqualityroofing.com/signs-you-need-roof-inspection-nj,articles,Knowledge base article,Article,,,KEEP-INDEX,,"Knowledge base article — keep; rewrite H-tags into questions, delete internal-SEO appendix, map to one of 6 KB clusters"
https://newarkqualityroofing.com/how-much-does-roof-inspection-cost-in-nj,articles,Knowledge base article,Article,,,KEEP-INDEX,,"Knowledge base article — keep; rewrite H-tags into questions, delete internal-SEO appendix, map to one of 6 KB clusters"
https://newarkqualityroofing.com/choosing-the-right-roof-inspection-contractor-nj,articles,Knowledge base article,Article,,,KEEP-INDEX,,"Knowledge base article — keep; rewrite H-tags into questions, delete internal-SEO appendix, map to one of 6 KB clusters"
https://newarkqualityroofing.com/signs-you-need-roof-maintenance-programs-nj,articles,Knowledge base article,Article,,,KEEP-INDEX,,"Knowledge base article — keep; rewrite H-tags into questions, delete internal-SEO appendix, map to one of 6 KB clusters"
https://newarkqualityroofing.com/how-much-does-roof-maintenance-programs-cost-in-nj,articles,Knowledge base article,Article,,,KEEP-INDEX,,"Knowledge base article — keep; rewrite H-tags into questions, delete internal-SEO appendix, map to one of 6 KB clusters"
https://newarkqualityroofing.com/choosing-the-right-roof-maintenance-programs-contractor-nj,articles,Knowledge base article,Article,,,KEEP-INDEX,,"Knowledge base article — keep; rewrite H-tags into questions, delete internal-SEO appendix, map to one of 6 KB clusters"
https://newarkqualityroofing.com/signs-you-need-roof-leak-repair-nj,articles,Knowledge base article,Article,,,KEEP-INDEX,,"Knowledge base article — keep; rewrite H-tags into questions, delete internal-SEO appendix, map to one of 6 KB clusters"
https://newarkqualityroofing.com/how-much-does-roof-leak-repair-cost-in-nj,articles,Knowledge base article,Article,,,KEEP-INDEX,,"Knowledge base article — keep; rewrite H-tags into questions, delete internal-SEO appendix, map to one of 6 KB clusters"
https://newarkqualityroofing.com/choosing-the-right-roof-leak-repair-contractor-nj,articles,Knowledge base article,Article,,,KEEP-INDEX,,"Knowledge base article — keep; rewrite H-tags into questions, delete internal-SEO appendix, map to one of 6 KB clusters"
https://newarkqualityroofing.com/signs-you-need-storm-damage-roof-repair-nj,articles,Knowledge base article,Article,,,KEEP-INDEX,,"Knowledge base article — keep; rewrite H-tags into questions, delete internal-SEO appendix, map to one of 6 KB clusters"
https://newarkqualityroofing.com/how-much-does-storm-damage-roof-repair-cost-in-nj,articles,Knowledge base article,Article,,,KEEP-INDEX,,"Knowledge base article — keep; rewrite H-tags into questions, delete internal-SEO appendix, map to one of 6 KB clusters"
https://newarkqualityroofing.com/choosing-the-right-storm-damage-roof-repair-contractor-nj,articles,Knowledge base article,Article,,,KEEP-INDEX,,"Knowledge base article — keep; rewrite H-tags into questions, delete internal-SEO appendix, map to one of 6 KB clusters"
https://newarkqualityroofing.com/signs-you-need-hail-damage-roof-repair-nj,articles,Knowledge base article,Article,,,KEEP-INDEX,,"Knowledge base article — keep; rewrite H-tags into questions, delete internal-SEO appendix, map to one of 6 KB clusters"
https://newarkqualityroofing.com/how-much-does-hail-damage-roof-repair-cost-in-nj,articles,Knowledge base article,Article,,,KEEP-INDEX,,"Knowledge base article — keep; rewrite H-tags into questions, delete internal-SEO appendix, map to one of 6 KB clusters"
https://newarkqualityroofing.com/choosing-the-right-hail-damage-roof-repair-contractor-nj,articles,Knowledge base article,Article,,,KEEP-INDEX,,"Knowledge base article — keep; rewrite H-tags into questions, delete internal-SEO appendix, map to one of 6 KB clusters"
https://newarkqualityroofing.com/signs-you-need-wind-damage-roof-repair-nj,articles,Knowledge base article,Article,,,KEEP-INDEX,,"Knowledge base article — keep; rewrite H-tags into questions, delete internal-SEO appendix, map to one of 6 KB clusters"
https://newarkqualityroofing.com/how-much-does-wind-damage-roof-repair-cost-in-nj,articles,Knowledge base article,Article,,,KEEP-INDEX,,"Knowledge base article — keep; rewrite H-tags into questions, delete internal-SEO appendix, map to one of 6 KB clusters"
https://newarkqualityroofing.com/choosing-the-right-wind-damage-roof-repair-contractor-nj,articles,Knowledge base article,Article,,,KEEP-INDEX,,"Knowledge base article — keep; rewrite H-tags into questions, delete internal-SEO appendix, map to one of 6 KB clusters"
https://newarkqualityroofing.com/signs-you-need-roof-cleaning-moss-removal-nj,articles,Knowledge base article,Article,,,KEEP-INDEX,,"Knowledge base article — keep; rewrite H-tags into questions, delete internal-SEO appendix, map to one of 6 KB clusters"
https://newarkqualityroofing.com/how-much-does-roof-cleaning-moss-removal-cost-in-nj,articles,Knowledge base article,Article,,,KEEP-INDEX,,"Knowledge base article — keep; rewrite H-tags into questions, delete internal-SEO appendix, map to one of 6 KB clusters"
https://newarkqualityroofing.com/choosing-the-right-roof-cleaning-moss-removal-contractor-nj,articles,Knowledge base article,Article,,,KEEP-INDEX,,"Knowledge base article — keep; rewrite H-tags into questions, delete internal-SEO appendix, map to one of 6 KB clusters"
https://newarkqualityroofing.com/residential-roof-installation-warning-signs-nj,articles,Knowledge base article,Article,,,KEEP-INDEX,,"Knowledge base article — keep; rewrite H-tags into questions, delete internal-SEO appendix, map to one of 6 KB clusters"
https://newarkqualityroofing.com/how-much-does-residential-roof-installation-cost-in-nj,articles,Knowledge base article,Article,,,KEEP-INDEX,,"Knowledge base article — keep; rewrite H-tags into questions, delete internal-SEO appendix, map to one of 6 KB clusters"
https://newarkqualityroofing.com/residential-roof-installation-pros-and-cons-nj-homeowners,articles,Knowledge base article,Article,,,KEEP-INDEX,,"Knowledge base article — keep; rewrite H-tags into questions, delete internal-SEO appendix, map to one of 6 KB clusters"
https://newarkqualityroofing.com/asphalt-shingle-roofing-warning-signs-nj,articles,Knowledge base article,Article,,,KEEP-INDEX,,"Knowledge base article — keep; rewrite H-tags into questions, delete internal-SEO appendix, map to one of 6 KB clusters"
https://newarkqualityroofing.com/how-much-does-asphalt-shingle-roofing-cost-in-nj,articles,Knowledge base article,Article,,,KEEP-INDEX,,"Knowledge base article — keep; rewrite H-tags into questions, delete internal-SEO appendix, map to one of 6 KB clusters"
https://newarkqualityroofing.com/asphalt-shingle-roofing-pros-and-cons-nj-homeowners,articles,Knowledge base article,Article,,,KEEP-INDEX,,"Knowledge base article — keep; rewrite H-tags into questions, delete internal-SEO appendix, map to one of 6 KB clusters"
https://newarkqualityroofing.com/slate-roof-installation-repair-warning-signs-nj,articles,Knowledge base article,Article,,,KEEP-INDEX,,"Knowledge base article — keep; rewrite H-tags into questions, delete internal-SEO appendix, map to one of 6 KB clusters"
https://newarkqualityroofing.com/how-much-does-slate-roof-installation-repair-cost-in-nj,articles,Knowledge base article,Article,,,KEEP-INDEX,,"Knowledge base article — keep; rewrite H-tags into questions, delete internal-SEO appendix, map to one of 6 KB clusters"
https://newarkqualityroofing.com/slate-roof-installation-repair-pros-and-cons-nj-homeowners,articles,Knowledge base article,Article,,,KEEP-INDEX,,"Knowledge base article — keep; rewrite H-tags into questions, delete internal-SEO appendix, map to one of 6 KB clusters"
https://newarkqualityroofing.com/wood-shake-roofing-warning-signs-nj,articles,Knowledge base article,Article,,,KEEP-INDEX,,"Knowledge base article — keep; rewrite H-tags into questions, delete internal-SEO appendix, map to one of 6 KB clusters"
https://newarkqualityroofing.com/how-much-does-wood-shake-roofing-cost-in-nj,articles,Knowledge base article,Article,,,KEEP-INDEX,,"Knowledge base article — keep; rewrite H-tags into questions, delete internal-SEO appendix, map to one of 6 KB clusters"
https://newarkqualityroofing.com/wood-shake-roofing-pros-and-cons-nj-homeowners,articles,Knowledge base article,Article,,,KEEP-INDEX,,"Knowledge base article — keep; rewrite H-tags into questions, delete internal-SEO appendix, map to one of 6 KB clusters"
https://newarkqualityroofing.com/metal-roof-installation-repair-warning-signs-nj,articles,Knowledge base article,Article,,,KEEP-INDEX,,"Knowledge base article — keep; rewrite H-tags into questions, delete internal-SEO appendix, map to one of 6 KB clusters"
https://newarkqualityroofing.com/how-much-does-metal-roof-installation-repair-cost-in-nj,articles,Knowledge base article,Article,,,KEEP-INDEX,,"Knowledge base article — keep; rewrite H-tags into questions, delete internal-SEO appendix, map to one of 6 KB clusters"
https://newarkqualityroofing.com/metal-roof-installation-repair-pros-and-cons-nj-homeowners,articles,Knowledge base article,Article,,,KEEP-INDEX,,"Knowledge base article — keep; rewrite H-tags into questions, delete internal-SEO appendix, map to one of 6 KB clusters"
https://newarkqualityroofing.com/flat-roof-installation-repair-warning-signs-nj,articles,Knowledge base article,Article,,,KEEP-INDEX,,"Knowledge base article — keep; rewrite H-tags into questions, delete internal-SEO appendix, map to one of 6 KB clusters"
https://newarkqualityroofing.com/how-much-does-flat-roof-installation-repair-cost-in-nj,articles,Knowledge base article,Article,,,KEEP-INDEX,,"Knowledge base article — keep; rewrite H-tags into questions, delete internal-SEO appendix, map to one of 6 KB clusters"
https://newarkqualityroofing.com/flat-roof-installation-repair-pros-and-cons-nj-homeowners,articles,Knowledge base article,Article,,,KEEP-INDEX,,"Knowledge base article — keep; rewrite H-tags into questions, delete internal-SEO appendix, map to one of 6 KB clusters"
https://newarkqualityroofing.com/tile-roof-installation-repair-warning-signs-nj,articles,Knowledge base article,Article,,,KEEP-INDEX,,"Knowledge base article — keep; rewrite H-tags into questions, delete internal-SEO appendix, map to one of 6 KB clusters"
https://newarkqualityroofing.com/how-much-does-tile-roof-installation-repair-cost-in-nj,articles,Knowledge base article,Article,,,KEEP-INDEX,,"Knowledge base article — keep; rewrite H-tags into questions, delete internal-SEO appendix, map to one of 6 KB clusters"
https://newarkqualityroofing.com/tile-roof-installation-repair-pros-and-cons-nj-homeowners,articles,Knowledge base article,Article,,,KEEP-INDEX,,"Knowledge base article — keep; rewrite H-tags into questions, delete internal-SEO appendix, map to one of 6 KB clusters"
https://newarkqualityroofing.com/cedar-shake-roofing-warning-signs-nj,articles,Knowledge base article,Article,,,KEEP-INDEX,,"Knowledge base article — keep; rewrite H-tags into questions, delete internal-SEO appendix, map to one of 6 KB clusters"
https://newarkqualityroofing.com/how-much-does-cedar-shake-roofing-cost-in-nj,articles,Knowledge base article,Article,,,KEEP-INDEX,,"Knowledge base article — keep; rewrite H-tags into questions, delete internal-SEO appendix, map to one of 6 KB clusters"
https://newarkqualityroofing.com/cedar-shake-roofing-pros-and-cons-nj-homeowners,articles,Knowledge base article,Article,,,KEEP-INDEX,,"Knowledge base article — keep; rewrite H-tags into questions, delete internal-SEO appendix, map to one of 6 KB clusters"
https://newarkqualityroofing.com/rubber-roofing-epdm-warning-signs-nj,articles,Knowledge base article,Article,,,KEEP-INDEX,,"Knowledge base article — keep; rewrite H-tags into questions, delete internal-SEO appendix, map to one of 6 KB clusters"
https://newarkqualityroofing.com/how-much-does-rubber-roofing-epdm-cost-in-nj,articles,Knowledge base article,Article,,,KEEP-INDEX,,"Knowledge base article — keep; rewrite H-tags into questions, delete internal-SEO appendix, map to one of 6 KB clusters"
https://newarkqualityroofing.com/rubber-roofing-epdm-pros-and-cons-nj-homeowners,articles,Knowledge base article,Article,,,KEEP-INDEX,,"Knowledge base article — keep; rewrite H-tags into questions, delete internal-SEO appendix, map to one of 6 KB clusters"
https://newarkqualityroofing.com/tpo-roofing-installation-warning-signs-nj,articles,Knowledge base article,Article,,,KEEP-INDEX,,"Knowledge base article — keep; rewrite H-tags into questions, delete internal-SEO appendix, map to one of 6 KB clusters"
https://newarkqualityroofing.com/how-much-does-tpo-roofing-installation-cost-in-nj,articles,Knowledge base article,Article,,,KEEP-INDEX,,"Knowledge base article — keep; rewrite H-tags into questions, delete internal-SEO appendix, map to one of 6 KB clusters"
https://newarkqualityroofing.com/tpo-roofing-installation-pros-and-cons-nj-homeowners,articles,Knowledge base article,Article,,,KEEP-INDEX,,"Knowledge base article — keep; rewrite H-tags into questions, delete internal-SEO appendix, map to one of 6 KB clusters"
https://newarkqualityroofing.com/epdm-commercial-roofing-warning-signs-nj,articles,Knowledge base article,Article,,,KEEP-INDEX,,"Knowledge base article — keep; rewrite H-tags into questions, delete internal-SEO appendix, map to one of 6 KB clusters"
https://newarkqualityroofing.com/how-much-does-epdm-commercial-roofing-cost-in-nj,articles,Knowledge base article,Article,,,KEEP-INDEX,,"Knowledge base article — keep; rewrite H-tags into questions, delete internal-SEO appendix, map to one of 6 KB clusters"
https://newarkqualityroofing.com/epdm-commercial-roofing-pros-and-cons-nj-homeowners,articles,Knowledge base article,Article,,,KEEP-INDEX,,"Knowledge base article — keep; rewrite H-tags into questions, delete internal-SEO appendix, map to one of 6 KB clusters"
https://newarkqualityroofing.com/modified-bitumen-roofing-warning-signs-nj,articles,Knowledge base article,Article,,,KEEP-INDEX,,"Knowledge base article — keep; rewrite H-tags into questions, delete internal-SEO appendix, map to one of 6 KB clusters"
https://newarkqualityroofing.com/how-much-does-modified-bitumen-roofing-cost-in-nj,articles,Knowledge base article,Article,,,KEEP-INDEX,,"Knowledge base article — keep; rewrite H-tags into questions, delete internal-SEO appendix, map to one of 6 KB clusters"
https://newarkqualityroofing.com/modified-bitumen-roofing-pros-and-cons-nj-homeowners,articles,Knowledge base article,Article,,,KEEP-INDEX,,"Knowledge base article — keep; rewrite H-tags into questions, delete internal-SEO appendix, map to one of 6 KB clusters"
https://newarkqualityroofing.com/built-up-roofing-warning-signs-nj,articles,Knowledge base article,Article,,,KEEP-INDEX,,"Knowledge base article — keep; rewrite H-tags into questions, delete internal-SEO appendix, map to one of 6 KB clusters"
https://newarkqualityroofing.com/how-much-does-built-up-roofing-cost-in-nj,articles,Knowledge base article,Article,,,KEEP-INDEX,,"Knowledge base article — keep; rewrite H-tags into questions, delete internal-SEO appendix, map to one of 6 KB clusters"
https://newarkqualityroofing.com/built-up-roofing-pros-and-cons-nj-homeowners,articles,Knowledge base article,Article,,,KEEP-INDEX,,"Knowledge base article — keep; rewrite H-tags into questions, delete internal-SEO appendix, map to one of 6 KB clusters"
https://newarkqualityroofing.com/commercial-metal-roofing-warning-signs-nj,articles,Knowledge base article,Article,,,KEEP-INDEX,,"Knowledge base article — keep; rewrite H-tags into questions, delete internal-SEO appendix, map to one of 6 KB clusters"
https://newarkqualityroofing.com/how-much-does-commercial-metal-roofing-cost-in-nj,articles,Knowledge base article,Article,,,KEEP-INDEX,,"Knowledge base article — keep; rewrite H-tags into questions, delete internal-SEO appendix, map to one of 6 KB clusters"
https://newarkqualityroofing.com/commercial-metal-roofing-pros-and-cons-nj-homeowners,articles,Knowledge base article,Article,,,KEEP-INDEX,,"Knowledge base article — keep; rewrite H-tags into questions, delete internal-SEO appendix, map to one of 6 KB clusters"
https://newarkqualityroofing.com/pvc-roofing-warning-signs-nj,articles,Knowledge base article,Article,,,KEEP-INDEX,,"Knowledge base article — keep; rewrite H-tags into questions, delete internal-SEO appendix, map to one of 6 KB clusters"
https://newarkqualityroofing.com/how-much-does-pvc-roofing-cost-in-nj,articles,Knowledge base article,Article,,,KEEP-INDEX,,"Knowledge base article — keep; rewrite H-tags into questions, delete internal-SEO appendix, map to one of 6 KB clusters"
https://newarkqualityroofing.com/pvc-roofing-pros-and-cons-nj-homeowners,articles,Knowledge base article,Article,,,KEEP-INDEX,,"Knowledge base article — keep; rewrite H-tags into questions, delete internal-SEO appendix, map to one of 6 KB clusters"
https://newarkqualityroofing.com/green-roof-installation-warning-signs-nj,articles,Knowledge base article,Article,,,KEEP-INDEX,,"Knowledge base article — keep; rewrite H-tags into questions, delete internal-SEO appendix, map to one of 6 KB clusters"
https://newarkqualityroofing.com/how-much-does-green-roof-installation-cost-in-nj,articles,Knowledge base article,Article,,,KEEP-INDEX,,"Knowledge base article — keep; rewrite H-tags into questions, delete internal-SEO appendix, map to one of 6 KB clusters"
https://newarkqualityroofing.com/green-roof-installation-pros-and-cons-nj-homeowners,articles,Knowledge base article,Article,,,KEEP-INDEX,,"Knowledge base article — keep; rewrite H-tags into questions, delete internal-SEO appendix, map to one of 6 KB clusters"
https://newarkqualityroofing.com/spray-foam-roofing-warning-signs-nj,articles,Knowledge base article,Article,,,KEEP-INDEX,,"Knowledge base article — keep; rewrite H-tags into questions, delete internal-SEO appendix, map to one of 6 KB clusters"
https://newarkqualityroofing.com/how-much-does-spray-foam-roofing-cost-in-nj,articles,Knowledge base article,Article,,,KEEP-INDEX,,"Knowledge base article — keep; rewrite H-tags into questions, delete internal-SEO appendix, map to one of 6 KB clusters"
https://newarkqualityroofing.com/spray-foam-roofing-pros-and-cons-nj-homeowners,articles,Knowledge base article,Article,,,KEEP-INDEX,,"Knowledge base article — keep; rewrite H-tags into questions, delete internal-SEO appendix, map to one of 6 KB clusters"
https://newarkqualityroofing.com/when-to-replace-roof-flashing-installation-repair-nj,articles,Knowledge base article,Article,,,KEEP-INDEX,,"Knowledge base article — keep; rewrite H-tags into questions, delete internal-SEO appendix, map to one of 6 KB clusters"
https://newarkqualityroofing.com/how-much-does-roof-flashing-installation-repair-cost-in-nj,articles,Knowledge base article,Article,,,KEEP-INDEX,,"Knowledge base article — keep; rewrite H-tags into questions, delete internal-SEO appendix, map to one of 6 KB clusters"
https://newarkqualityroofing.com/roof-flashing-installation-repair-complete-homeowner-guide-nj,articles,Knowledge base article,Article,,,KEEP-INDEX,,"Knowledge base article — keep; rewrite H-tags into questions, delete internal-SEO appendix, map to one of 6 KB clusters"
https://newarkqualityroofing.com/when-to-replace-chimney-flashing-repair-nj,articles,Knowledge base article,Article,,,KEEP-INDEX,,"Knowledge base article — keep; rewrite H-tags into questions, delete internal-SEO appendix, map to one of 6 KB clusters"
https://newarkqualityroofing.com/how-much-does-chimney-flashing-repair-cost-in-nj,articles,Knowledge base article,Article,,,KEEP-INDEX,,"Knowledge base article — keep; rewrite H-tags into questions, delete internal-SEO appendix, map to one of 6 KB clusters"
https://newarkqualityroofing.com/chimney-flashing-repair-complete-homeowner-guide-nj,articles,Knowledge base article,Article,,,KEEP-INDEX,,"Knowledge base article — keep; rewrite H-tags into questions, delete internal-SEO appendix, map to one of 6 KB clusters"
https://newarkqualityroofing.com/when-to-replace-gutter-installation-repair-nj,articles,Knowledge base article,Article,,,KEEP-INDEX,,"Knowledge base article — keep; rewrite H-tags into questions, delete internal-SEO appendix, map to one of 6 KB clusters"
https://newarkqualityroofing.com/how-much-does-gutter-installation-repair-cost-in-nj,articles,Knowledge base article,Article,,,KEEP-INDEX,,"Knowledge base article — keep; rewrite H-tags into questions, delete internal-SEO appendix, map to one of 6 KB clusters"
https://newarkqualityroofing.com/gutter-installation-repair-complete-homeowner-guide-nj,articles,Knowledge base article,Article,,,KEEP-INDEX,,"Knowledge base article — keep; rewrite H-tags into questions, delete internal-SEO appendix, map to one of 6 KB clusters"
https://newarkqualityroofing.com/when-to-replace-gutter-guard-installation-nj,articles,Knowledge base article,Article,,,KEEP-INDEX,,"Knowledge base article — keep; rewrite H-tags into questions, delete internal-SEO appendix, map to one of 6 KB clusters"
https://newarkqualityroofing.com/how-much-does-gutter-guard-installation-cost-in-nj,articles,Knowledge base article,Article,,,KEEP-INDEX,,"Knowledge base article — keep; rewrite H-tags into questions, delete internal-SEO appendix, map to one of 6 KB clusters"
https://newarkqualityroofing.com/gutter-guard-installation-complete-homeowner-guide-nj,articles,Knowledge base article,Article,,,KEEP-INDEX,,"Knowledge base article — keep; rewrite H-tags into questions, delete internal-SEO appendix, map to one of 6 KB clusters"
https://newarkqualityroofing.com/when-to-replace-skylight-installation-repair-nj,articles,Knowledge base article,Article,,,KEEP-INDEX,,"Knowledge base article — keep; rewrite H-tags into questions, delete internal-SEO appendix, map to one of 6 KB clusters"
https://newarkqualityroofing.com/how-much-does-skylight-installation-repair-cost-in-nj,articles,Knowledge base article,Article,,,KEEP-INDEX,,"Knowledge base article — keep; rewrite H-tags into questions, delete internal-SEO appendix, map to one of 6 KB clusters"
https://newarkqualityroofing.com/skylight-installation-repair-complete-homeowner-guide-nj,articles,Knowledge base article,Article,,,KEEP-INDEX,,"Knowledge base article — keep; rewrite H-tags into questions, delete internal-SEO appendix, map to one of 6 KB clusters"
https://newarkqualityroofing.com/when-to-replace-fascia-installation-repair-nj,articles,Knowledge base article,Article,,,KEEP-INDEX,,"Knowledge base article — keep; rewrite H-tags into questions, delete internal-SEO appendix, map to one of 6 KB clusters"
https://newarkqualityroofing.com/how-much-does-fascia-installation-repair-cost-in-nj,articles,Knowledge base article,Article,,,KEEP-INDEX,,"Knowledge base article — keep; rewrite H-tags into questions, delete internal-SEO appendix, map to one of 6 KB clusters"
https://newarkqualityroofing.com/fascia-installation-repair-complete-homeowner-guide-nj,articles,Knowledge base article,Article,,,KEEP-INDEX,,"Knowledge base article — keep; rewrite H-tags into questions, delete internal-SEO appendix, map to one of 6 KB clusters"
https://newarkqualityroofing.com/when-to-replace-soffit-installation-repair-nj,articles,Knowledge base article,Article,,,KEEP-INDEX,,"Knowledge base article — keep; rewrite H-tags into questions, delete internal-SEO appendix, map to one of 6 KB clusters"
https://newarkqualityroofing.com/how-much-does-soffit-installation-repair-cost-in-nj,articles,Knowledge base article,Article,,,KEEP-INDEX,,"Knowledge base article — keep; rewrite H-tags into questions, delete internal-SEO appendix, map to one of 6 KB clusters"
https://newarkqualityroofing.com/soffit-installation-repair-complete-homeowner-guide-nj,articles,Knowledge base article,Article,,,KEEP-INDEX,,"Knowledge base article — keep; rewrite H-tags into questions, delete internal-SEO appendix, map to one of 6 KB clusters"
https://newarkqualityroofing.com/when-to-replace-roof-vent-installation-repair-nj,articles,Knowledge base article,Article,,,KEEP-INDEX,,"Knowledge base article — keep; rewrite H-tags into questions, delete internal-SEO appendix, map to one of 6 KB clusters"
https://newarkqualityroofing.com/how-much-does-roof-vent-installation-repair-cost-in-nj,articles,Knowledge base article,Article,,,KEEP-INDEX,,"Knowledge base article — keep; rewrite H-tags into questions, delete internal-SEO appendix, map to one of 6 KB clusters"
https://newarkqualityroofing.com/roof-vent-installation-repair-complete-homeowner-guide-nj,articles,Knowledge base article,Article,,,KEEP-INDEX,,"Knowledge base article — keep; rewrite H-tags into questions, delete internal-SEO appendix, map to one of 6 KB clusters"
https://newarkqualityroofing.com/when-to-replace-roof-waterproofing-nj,articles,Knowledge base article,Article,,,KEEP-INDEX,,"Knowledge base article — keep; rewrite H-tags into questions, delete internal-SEO appendix, map to one of 6 KB clusters"
https://newarkqualityroofing.com/how-much-does-roof-waterproofing-cost-in-nj,articles,Knowledge base article,Article,,,KEEP-INDEX,,"Knowledge base article — keep; rewrite H-tags into questions, delete internal-SEO appendix, map to one of 6 KB clusters"
https://newarkqualityroofing.com/roof-waterproofing-complete-homeowner-guide-nj,articles,Knowledge base article,Article,,,KEEP-INDEX,,"Knowledge base article — keep; rewrite H-tags into questions, delete internal-SEO appendix, map to one of 6 KB clusters"
https://newarkqualityroofing.com/when-to-replace-roof-deck-repair-replacement-nj,articles,Knowledge base article,Article,,,KEEP-INDEX,,"Knowledge base article — keep; rewrite H-tags into questions, delete internal-SEO appendix, map to one of 6 KB clusters"
https://newarkqualityroofing.com/how-much-does-roof-deck-repair-replacement-cost-in-nj,articles,Knowledge base article,Article,,,KEEP-INDEX,,"Knowledge base article — keep; rewrite H-tags into questions, delete internal-SEO appendix, map to one of 6 KB clusters"
https://newarkqualityroofing.com/roof-deck-repair-replacement-complete-homeowner-guide-nj,articles,Knowledge base article,Article,,,KEEP-INDEX,,"Knowledge base article — keep; rewrite H-tags into questions, delete internal-SEO appendix, map to one of 6 KB clusters"
https://newarkqualityroofing.com/is-solar-panel-roofing-installation-right-for-your-home,articles,Knowledge base article,Article,,,KEEP-INDEX,,"Knowledge base article — keep; rewrite H-tags into questions, delete internal-SEO appendix, map to one of 6 KB clusters"
https://newarkqualityroofing.com/how-much-does-solar-panel-roofing-installation-cost-in-nj,articles,Knowledge base article,Article,,,KEEP-INDEX,,"Knowledge base article — keep; rewrite H-tags into questions, delete internal-SEO appendix, map to one of 6 KB clusters"
https://newarkqualityroofing.com/solar-panel-roofing-installation-nj-incentives-and-savings,articles,Knowledge base article,Article,,,KEEP-INDEX,,"Knowledge base article — keep; rewrite H-tags into questions, delete internal-SEO appendix, map to one of 6 KB clusters"
https://newarkqualityroofing.com/is-solar-shingle-installation-right-for-your-home,articles,Knowledge base article,Article,,,KEEP-INDEX,,"Knowledge base article — keep; rewrite H-tags into questions, delete internal-SEO appendix, map to one of 6 KB clusters"
https://newarkqualityroofing.com/how-much-does-solar-shingle-installation-cost-in-nj,articles,Knowledge base article,Article,,,KEEP-INDEX,,"Knowledge base article — keep; rewrite H-tags into questions, delete internal-SEO appendix, map to one of 6 KB clusters"
https://newarkqualityroofing.com/solar-shingle-installation-nj-incentives-and-savings,articles,Knowledge base article,Article,,,KEEP-INDEX,,"Knowledge base article — keep; rewrite H-tags into questions, delete internal-SEO appendix, map to one of 6 KB clusters"
https://newarkqualityroofing.com/is-energy-efficient-roofing-solutions-right-for-your-home,articles,Knowledge base article,Article,,,KEEP-INDEX,,"Knowledge base article — keep; rewrite H-tags into questions, delete internal-SEO appendix, map to one of 6 KB clusters"
https://newarkqualityroofing.com/how-much-does-energy-efficient-roofing-solutions-cost-in-nj,articles,Knowledge base article,Article,,,KEEP-INDEX,,"Knowledge base article — keep; rewrite H-tags into questions, delete internal-SEO appendix, map to one of 6 KB clusters"
https://newarkqualityroofing.com/energy-efficient-roofing-solutions-nj-incentives-and-savings,articles,Knowledge base article,Article,,,KEEP-INDEX,,"Knowledge base article — keep; rewrite H-tags into questions, delete internal-SEO appendix, map to one of 6 KB clusters"
https://newarkqualityroofing.com/is-silicone-roof-coating-right-for-your-home,articles,Knowledge base article,Article,,,KEEP-INDEX,,"Knowledge base article — keep; rewrite H-tags into questions, delete internal-SEO appendix, map to one of 6 KB clusters"
https://newarkqualityroofing.com/how-much-does-silicone-roof-coating-cost-in-nj,articles,Knowledge base article,Article,,,KEEP-INDEX,,"Knowledge base article — keep; rewrite H-tags into questions, delete internal-SEO appendix, map to one of 6 KB clusters"
https://newarkqualityroofing.com/silicone-roof-coating-nj-incentives-and-savings,articles,Knowledge base article,Article,,,KEEP-INDEX,,"Knowledge base article — keep; rewrite H-tags into questions, delete internal-SEO appendix, map to one of 6 KB clusters"
https://newarkqualityroofing.com/signs-your-building-needs-commercial-roof-installation,articles,Knowledge base article,Article,,,KEEP-INDEX,,"Knowledge base article — keep; rewrite H-tags into questions, delete internal-SEO appendix, map to one of 6 KB clusters"
https://newarkqualityroofing.com/how-much-does-commercial-roof-installation-cost-in-nj,articles,Knowledge base article,Article,,,KEEP-INDEX,,"Knowledge base article — keep; rewrite H-tags into questions, delete internal-SEO appendix, map to one of 6 KB clusters"
https://newarkqualityroofing.com/commercial-roof-installation-what-business-owners-should-know,articles,Knowledge base article,Article,,,KEEP-INDEX,,"Knowledge base article — keep; rewrite H-tags into questions, delete internal-SEO appendix, map to one of 6 KB clusters"
https://newarkqualityroofing.com/signs-your-building-needs-commercial-roof-repair,articles,Knowledge base article,Article,,,KEEP-INDEX,,"Knowledge base article — keep; rewrite H-tags into questions, delete internal-SEO appendix, map to one of 6 KB clusters"
https://newarkqualityroofing.com/how-much-does-commercial-roof-repair-cost-in-nj,articles,Knowledge base article,Article,,,KEEP-INDEX,,"Knowledge base article — keep; rewrite H-tags into questions, delete internal-SEO appendix, map to one of 6 KB clusters"
https://newarkqualityroofing.com/commercial-roof-repair-what-business-owners-should-know,articles,Knowledge base article,Article,,,KEEP-INDEX,,"Knowledge base article — keep; rewrite H-tags into questions, delete internal-SEO appendix, map to one of 6 KB clusters"
https://newarkqualityroofing.com/signs-your-building-needs-commercial-roof-replacement,articles,Knowledge base article,Article,,,KEEP-INDEX,,"Knowledge base article — keep; rewrite H-tags into questions, delete internal-SEO appendix, map to one of 6 KB clusters"
https://newarkqualityroofing.com/how-much-does-commercial-roof-replacement-cost-in-nj,articles,Knowledge base article,Article,,,KEEP-INDEX,,"Knowledge base article — keep; rewrite H-tags into questions, delete internal-SEO appendix, map to one of 6 KB clusters"
https://newarkqualityroofing.com/commercial-roof-replacement-what-business-owners-should-know,articles,Knowledge base article,Article,,,KEEP-INDEX,,"Knowledge base article — keep; rewrite H-tags into questions, delete internal-SEO appendix, map to one of 6 KB clusters"
https://newarkqualityroofing.com/signs-your-building-needs-roof-thermal-imaging-inspections,articles,Knowledge base article,Article,,,KEEP-INDEX,,"Knowledge base article — keep; rewrite H-tags into questions, delete internal-SEO appendix, map to one of 6 KB clusters"
https://newarkqualityroofing.com/how-much-does-roof-thermal-imaging-inspections-cost-in-nj,articles,Knowledge base article,Article,,,KEEP-INDEX,,"Knowledge base article — keep; rewrite H-tags into questions, delete internal-SEO appendix, map to one of 6 KB clusters"
https://newarkqualityroofing.com/roof-thermal-imaging-inspections-what-business-owners-should-know,articles,Knowledge base article,Article,,,KEEP-INDEX,,"Knowledge base article — keep; rewrite H-tags into questions, delete internal-SEO appendix, map to one of 6 KB clusters"
https://newarkqualityroofing.com/signs-your-building-needs-infrared-roof-leak-detection,articles,Knowledge base article,Article,,,KEEP-INDEX,,"Knowledge base article — keep; rewrite H-tags into questions, delete internal-SEO appendix, map to one of 6 KB clusters"
https://newarkqualityroofing.com/how-much-does-infrared-roof-leak-detection-cost-in-nj,articles,Knowledge base article,Article,,,KEEP-INDEX,,"Knowledge base article — keep; rewrite H-tags into questions, delete internal-SEO appendix, map to one of 6 KB clusters"
https://newarkqualityroofing.com/infrared-roof-leak-detection-what-business-owners-should-know,articles,Knowledge base article,Article,,,KEEP-INDEX,,"Knowledge base article — keep; rewrite H-tags into questions, delete internal-SEO appendix, map to one of 6 KB clusters"
https://newarkqualityroofing.com/when-to-consider-custom-roof-design-consultation-nj,articles,Knowledge base article,Article,,,KEEP-INDEX,,"Knowledge base article — keep; rewrite H-tags into questions, delete internal-SEO appendix, map to one of 6 KB clusters"
https://newarkqualityroofing.com/how-much-does-custom-roof-design-consultation-cost-in-nj,articles,Knowledge base article,Article,,,KEEP-INDEX,,"Knowledge base article — keep; rewrite H-tags into questions, delete internal-SEO appendix, map to one of 6 KB clusters"
https://newarkqualityroofing.com/custom-roof-design-consultation-what-to-expect-nj,articles,Knowledge base article,Article,,,KEEP-INDEX,,"Knowledge base article — keep; rewrite H-tags into questions, delete internal-SEO appendix, map to one of 6 KB clusters"
https://newarkqualityroofing.com/when-to-consider-historic-roof-restoration-nj,articles,Knowledge base article,Article,,,KEEP-INDEX,,"Knowledge base article — keep; rewrite H-tags into questions, delete internal-SEO appendix, map to one of 6 KB clusters"
https://newarkqualityroofing.com/how-much-does-historic-roof-restoration-cost-in-nj,articles,Knowledge base article,Article,,,KEEP-INDEX,,"Knowledge base article — keep; rewrite H-tags into questions, delete internal-SEO appendix, map to one of 6 KB clusters"
https://newarkqualityroofing.com/historic-roof-restoration-what-to-expect-nj,articles,Knowledge base article,Article,,,KEEP-INDEX,,"Knowledge base article — keep; rewrite H-tags into questions, delete internal-SEO appendix, map to one of 6 KB clusters"
https://newarkqualityroofing.com/when-to-consider-roof-ice-dam-prevention-nj,articles,Knowledge base article,Article,,,KEEP-INDEX,,"Knowledge base article — keep; rewrite H-tags into questions, delete internal-SEO appendix, map to one of 6 KB clusters"
https://newarkqualityroofing.com/how-much-does-roof-ice-dam-prevention-cost-in-nj,articles,Knowledge base article,Article,,,KEEP-INDEX,,"Knowledge base article — keep; rewrite H-tags into questions, delete internal-SEO appendix, map to one of 6 KB clusters"
https://newarkqualityroofing.com/roof-ice-dam-prevention-what-to-expect-nj,articles,Knowledge base article,Article,,,KEEP-INDEX,,"Knowledge base article — keep; rewrite H-tags into questions, delete internal-SEO appendix, map to one of 6 KB clusters"
https://newarkqualityroofing.com/signs-you-need-full-roof-tear-off-nj,articles,Knowledge base article,Article,,,KEEP-INDEX,,"Knowledge base article — keep; rewrite H-tags into questions, delete internal-SEO appendix, map to one of 6 KB clusters"
https://newarkqualityroofing.com/full-roof-tear-off-cost-breakdown-nj,articles,Knowledge base article,Article,,,KEEP-INDEX,,"Knowledge base article — keep; rewrite H-tags into questions, delete internal-SEO appendix, map to one of 6 KB clusters"
https://newarkqualityroofing.com/full-roof-tear-off-complete-guide-nj,articles,Knowledge base article,Article,,,KEEP-INDEX,,"Knowledge base article — keep; rewrite H-tags into questions, delete internal-SEO appendix, map to one of 6 KB clusters"
https://newarkqualityroofing.com/signs-you-need-roof-overlay-installation-nj,articles,Knowledge base article,Article,,,KEEP-INDEX,,"Knowledge base article — keep; rewrite H-tags into questions, delete internal-SEO appendix, map to one of 6 KB clusters"
https://newarkqualityroofing.com/roof-overlay-installation-cost-breakdown-nj,articles,Knowledge base article,Article,,,KEEP-INDEX,,"Knowledge base article — keep; rewrite H-tags into questions, delete internal-SEO appendix, map to one of 6 KB clusters"
https://newarkqualityroofing.com/roof-overlay-installation-complete-guide-nj,articles,Knowledge base article,Article,,,KEEP-INDEX,,"Knowledge base article — keep; rewrite H-tags into questions, delete internal-SEO appendix, map to one of 6 KB clusters"
https://newarkqualityroofing.com/signs-you-need-re-roofing-nj,articles,Knowledge base article,Article,,,KEEP-INDEX,,"Knowledge base article — keep; rewrite H-tags into questions, delete internal-SEO appendix, map to one of 6 KB clusters"
https://newarkqualityroofing.com/re-roofing-cost-breakdown-nj,articles,Knowledge base article,Article,,,KEEP-INDEX,,"Knowledge base article — keep; rewrite H-tags into questions, delete internal-SEO appendix, map to one of 6 KB clusters"
https://newarkqualityroofing.com/re-roofing-complete-guide-nj,articles,Knowledge base article,Article,,,KEEP-INDEX,,"Knowledge base article — keep; rewrite H-tags into questions, delete internal-SEO appendix, map to one of 6 KB clusters"
https://newarkqualityroofing.com/signs-you-need-insurance-roof-replacement-nj,articles,Knowledge base article,Article,,,KEEP-INDEX,,"Knowledge base article — keep; rewrite H-tags into questions, delete internal-SEO appendix, map to one of 6 KB clusters"
https://newarkqualityroofing.com/insurance-roof-replacement-cost-breakdown-nj,articles,Knowledge base article,Article,,,KEEP-INDEX,,"Knowledge base article — keep; rewrite H-tags into questions, delete internal-SEO appendix, map to one of 6 KB clusters"
https://newarkqualityroofing.com/insurance-roof-replacement-complete-guide-nj,articles,Knowledge base article,Article,,,KEEP-INDEX,,"Knowledge base article — keep; rewrite H-tags into questions, delete internal-SEO appendix, map to one of 6 KB clusters"
https://newarkqualityroofing.com/signs-you-need-storm-damage-roof-replacement-nj,articles,Knowledge base article,Article,,,KEEP-INDEX,,"Knowledge base article — keep; rewrite H-tags into questions, delete internal-SEO appendix, map to one of 6 KB clusters"
https://newarkqualityroofing.com/storm-damage-roof-replacement-cost-breakdown-nj,articles,Knowledge base article,Article,,,KEEP-INDEX,,"Knowledge base article — keep; rewrite H-tags into questions, delete internal-SEO appendix, map to one of 6 KB clusters"
https://newarkqualityroofing.com/storm-damage-roof-replacement-complete-guide-nj,articles,Knowledge base article,Article,,,KEEP-INDEX,,"Knowledge base article — keep; rewrite H-tags into questions, delete internal-SEO appendix, map to one of 6 KB clusters"
https://newarkqualityroofing.com/signs-you-need-aging-roof-replacement-nj,articles,Knowledge base article,Article,,,KEEP-INDEX,,"Knowledge base article — keep; rewrite H-tags into questions, delete internal-SEO appendix, map to one of 6 KB clusters"
https://newarkqualityroofing.com/aging-roof-replacement-cost-breakdown-nj,articles,Knowledge base article,Article,,,KEEP-INDEX,,"Knowledge base article — keep; rewrite H-tags into questions, delete internal-SEO appendix, map to one of 6 KB clusters"
https://newarkqualityroofing.com/aging-roof-replacement-complete-guide-nj,articles,Knowledge base article,Article,,,KEEP-INDEX,,"Knowledge base article — keep; rewrite H-tags into questions, delete internal-SEO appendix, map to one of 6 KB clusters"
https://newarkqualityroofing.com/signs-you-need-roof-replacement-after-leak-nj,articles,Knowledge base article,Article,,,KEEP-INDEX,,"Knowledge base article — keep; rewrite H-tags into questions, delete internal-SEO appendix, map to one of 6 KB clusters"
https://newarkqualityroofing.com/roof-replacement-after-leak-cost-breakdown-nj,articles,Knowledge base article,Article,,,KEEP-INDEX,,"Knowledge base article — keep; rewrite H-tags into questions, delete internal-SEO appendix, map to one of 6 KB clusters"
https://newarkqualityroofing.com/roof-replacement-after-leak-complete-guide-nj,articles,Knowledge base article,Article,,,KEEP-INDEX,,"Knowledge base article — keep; rewrite H-tags into questions, delete internal-SEO appendix, map to one of 6 KB clusters"
https://newarkqualityroofing.com/signs-you-need-fire-damage-roof-replacement-nj,articles,Knowledge base article,Article,,,KEEP-INDEX,,"Knowledge base article — keep; rewrite H-tags into questions, delete internal-SEO appendix, map to one of 6 KB clusters"
https://newarkqualityroofing.com/fire-damage-roof-replacement-cost-breakdown-nj,articles,Knowledge base article,Article,,,KEEP-INDEX,,"Knowledge base article — keep; rewrite H-tags into questions, delete internal-SEO appendix, map to one of 6 KB clusters"
https://newarkqualityroofing.com/fire-damage-roof-replacement-complete-guide-nj,articles,Knowledge base article,Article,,,KEEP-INDEX,,"Knowledge base article — keep; rewrite H-tags into questions, delete internal-SEO appendix, map to one of 6 KB clusters"
https://newarkqualityroofing.com/signs-you-need-asphalt-shingle-roof-replacement-nj,articles,Knowledge base article,Article,,,KEEP-INDEX,,"Knowledge base article — keep; rewrite H-tags into questions, delete internal-SEO appendix, map to one of 6 KB clusters"
https://newarkqualityroofing.com/asphalt-shingle-roof-replacement-cost-breakdown-nj,articles,Knowledge base article,Article,,,KEEP-INDEX,,"Knowledge base article — keep; rewrite H-tags into questions, delete internal-SEO appendix, map to one of 6 KB clusters"
https://newarkqualityroofing.com/asphalt-shingle-roof-replacement-complete-guide-nj,articles,Knowledge base article,Article,,,KEEP-INDEX,,"Knowledge base article — keep; rewrite H-tags into questions, delete internal-SEO appendix, map to one of 6 KB clusters"
https://newarkqualityroofing.com/signs-you-need-metal-roof-replacement-nj,articles,Knowledge base article,Article,,,KEEP-INDEX,,"Knowledge base article — keep; rewrite H-tags into questions, delete internal-SEO appendix, map to one of 6 KB clusters"
https://newarkqualityroofing.com/metal-roof-replacement-cost-breakdown-nj,articles,Knowledge base article,Article,,,KEEP-INDEX,,"Knowledge base article — keep; rewrite H-tags into questions, delete internal-SEO appendix, map to one of 6 KB clusters"
https://newarkqualityroofing.com/metal-roof-replacement-complete-guide-nj,articles,Knowledge base article,Article,,,KEEP-INDEX,,"Knowledge base article — keep; rewrite H-tags into questions, delete internal-SEO appendix, map to one of 6 KB clusters"
https://newarkqualityroofing.com/signs-you-need-slate-roof-replacement-nj,articles,Knowledge base article,Article,,,KEEP-INDEX,,"Knowledge base article — keep; rewrite H-tags into questions, delete internal-SEO appendix, map to one of 6 KB clusters"
https://newarkqualityroofing.com/slate-roof-replacement-cost-breakdown-nj,articles,Knowledge base article,Article,,,KEEP-INDEX,,"Knowledge base article — keep; rewrite H-tags into questions, delete internal-SEO appendix, map to one of 6 KB clusters"
https://newarkqualityroofing.com/slate-roof-replacement-complete-guide-nj,articles,Knowledge base article,Article,,,KEEP-INDEX,,"Knowledge base article — keep; rewrite H-tags into questions, delete internal-SEO appendix, map to one of 6 KB clusters"
https://newarkqualityroofing.com/signs-you-need-tile-roof-replacement-nj,articles,Knowledge base article,Article,,,KEEP-INDEX,,"Knowledge base article — keep; rewrite H-tags into questions, delete internal-SEO appendix, map to one of 6 KB clusters"
https://newarkqualityroofing.com/tile-roof-replacement-cost-breakdown-nj,articles,Knowledge base article,Article,,,KEEP-INDEX,,"Knowledge base article — keep; rewrite H-tags into questions, delete internal-SEO appendix, map to one of 6 KB clusters"
https://newarkqualityroofing.com/tile-roof-replacement-complete-guide-nj,articles,Knowledge base article,Article,,,KEEP-INDEX,,"Knowledge base article — keep; rewrite H-tags into questions, delete internal-SEO appendix, map to one of 6 KB clusters"
https://newarkqualityroofing.com/signs-you-need-flat-roof-replacement-nj,articles,Knowledge base article,Article,,,KEEP-INDEX,,"Knowledge base article — keep; rewrite H-tags into questions, delete internal-SEO appendix, map to one of 6 KB clusters"
https://newarkqualityroofing.com/flat-roof-replacement-cost-breakdown-nj,articles,Knowledge base article,Article,,,KEEP-INDEX,,"Knowledge base article — keep; rewrite H-tags into questions, delete internal-SEO appendix, map to one of 6 KB clusters"
https://newarkqualityroofing.com/flat-roof-replacement-complete-guide-nj,articles,Knowledge base article,Article,,,KEEP-INDEX,,"Knowledge base article — keep; rewrite H-tags into questions, delete internal-SEO appendix, map to one of 6 KB clusters"
https://newarkqualityroofing.com/signs-you-need-cedar-shake-roof-replacement-nj,articles,Knowledge base article,Article,,,KEEP-INDEX,,"Knowledge base article — keep; rewrite H-tags into questions, delete internal-SEO appendix, map to one of 6 KB clusters"
https://newarkqualityroofing.com/cedar-shake-roof-replacement-cost-breakdown-nj,articles,Knowledge base article,Article,,,KEEP-INDEX,,"Knowledge base article — keep; rewrite H-tags into questions, delete internal-SEO appendix, map to one of 6 KB clusters"
https://newarkqualityroofing.com/cedar-shake-roof-replacement-complete-guide-nj,articles,Knowledge base article,Article,,,KEEP-INDEX,,"Knowledge base article — keep; rewrite H-tags into questions, delete internal-SEO appendix, map to one of 6 KB clusters"
https://newarkqualityroofing.com/how-to-choose-asphalt-shingles-vs-metal-roofing-nj,articles,Knowledge base article,Article,,,KEEP-INDEX,,"Knowledge base article — keep; rewrite H-tags into questions, delete internal-SEO appendix, map to one of 6 KB clusters"
https://newarkqualityroofing.com/what-nj-roofers-recommend-asphalt-shingles-vs-metal-roofing,articles,Knowledge base article,Article,,,KEEP-INDEX,,"Knowledge base article — keep; rewrite H-tags into questions, delete internal-SEO appendix, map to one of 6 KB clusters"
https://newarkqualityroofing.com/how-to-choose-slate-vs-tile-roofing-nj,articles,Knowledge base article,Article,,,KEEP-INDEX,,"Knowledge base article — keep; rewrite H-tags into questions, delete internal-SEO appendix, map to one of 6 KB clusters"
https://newarkqualityroofing.com/what-nj-roofers-recommend-slate-vs-tile-roofing,articles,Knowledge base article,Article,,,KEEP-INDEX,,"Knowledge base article — keep; rewrite H-tags into questions, delete internal-SEO appendix, map to one of 6 KB clusters"
https://newarkqualityroofing.com/how-to-choose-tpo-vs-epdm-roofing-nj,articles,Knowledge base article,Article,,,KEEP-INDEX,,"Knowledge base article — keep; rewrite H-tags into questions, delete internal-SEO appendix, map to one of 6 KB clusters"
https://newarkqualityroofing.com/what-nj-roofers-recommend-tpo-vs-epdm-roofing,articles,Knowledge base article,Article,,,KEEP-INDEX,,"Knowledge base article — keep; rewrite H-tags into questions, delete internal-SEO appendix, map to one of 6 KB clusters"
https://newarkqualityroofing.com/how-to-choose-metal-vs-tile-roofing-nj,articles,Knowledge base article,Article,,,KEEP-INDEX,,"Knowledge base article — keep; rewrite H-tags into questions, delete internal-SEO appendix, map to one of 6 KB clusters"
https://newarkqualityroofing.com/what-nj-roofers-recommend-metal-vs-tile-roofing,articles,Knowledge base article,Article,,,KEEP-INDEX,,"Knowledge base article — keep; rewrite H-tags into questions, delete internal-SEO appendix, map to one of 6 KB clusters"
https://newarkqualityroofing.com/how-to-choose-asphalt-vs-slate-roofing-nj,articles,Knowledge base article,Article,,,KEEP-INDEX,,"Knowledge base article — keep; rewrite H-tags into questions, delete internal-SEO appendix, map to one of 6 KB clusters"
https://newarkqualityroofing.com/what-nj-roofers-recommend-asphalt-vs-slate-roofing,articles,Knowledge base article,Article,,,KEEP-INDEX,,"Knowledge base article — keep; rewrite H-tags into questions, delete internal-SEO appendix, map to one of 6 KB clusters"
https://newarkqualityroofing.com/how-to-choose-wood-shake-vs-asphalt-shingles-nj,articles,Knowledge base article,Article,,,KEEP-INDEX,,"Knowledge base article — keep; rewrite H-tags into questions, delete internal-SEO appendix, map to one of 6 KB clusters"
https://newarkqualityroofing.com/what-nj-roofers-recommend-wood-shake-vs-asphalt-shingles,articles,Knowledge base article,Article,,,KEEP-INDEX,,"Knowledge base article — keep; rewrite H-tags into questions, delete internal-SEO appendix, map to one of 6 KB clusters"
https://newarkqualityroofing.com/how-to-choose-pvc-vs-tpo-roofing-nj,articles,Knowledge base article,Article,,,KEEP-INDEX,,"Knowledge base article — keep; rewrite H-tags into questions, delete internal-SEO appendix, map to one of 6 KB clusters"
https://newarkqualityroofing.com/what-nj-roofers-recommend-pvc-vs-tpo-roofing,articles,Knowledge base article,Article,,,KEEP-INDEX,,"Knowledge base article — keep; rewrite H-tags into questions, delete internal-SEO appendix, map to one of 6 KB clusters"
https://newarkqualityroofing.com/how-to-choose-standing-seam-vs-corrugated-metal-nj,articles,Knowledge base article,Article,,,KEEP-INDEX,,"Knowledge base article — keep; rewrite H-tags into questions, delete internal-SEO appendix, map to one of 6 KB clusters"
https://newarkqualityroofing.com/what-nj-roofers-recommend-standing-seam-vs-corrugated-metal,articles,Knowledge base article,Article,,,KEEP-INDEX,,"Knowledge base article — keep; rewrite H-tags into questions, delete internal-SEO appendix, map to one of 6 KB clusters"
https://newarkqualityroofing.com/how-to-choose-modified-bitumen-vs-tpo-nj,articles,Knowledge base article,Article,,,KEEP-INDEX,,"Knowledge base article — keep; rewrite H-tags into questions, delete internal-SEO appendix, map to one of 6 KB clusters"
https://newarkqualityroofing.com/what-nj-roofers-recommend-modified-bitumen-vs-tpo,articles,Knowledge base article,Article,,,KEEP-INDEX,,"Knowledge base article — keep; rewrite H-tags into questions, delete internal-SEO appendix, map to one of 6 KB clusters"
https://newarkqualityroofing.com/how-to-choose-rubber-roofing-vs-tpo-nj,articles,Knowledge base article,Article,,,KEEP-INDEX,,"Knowledge base article — keep; rewrite H-tags into questions, delete internal-SEO appendix, map to one of 6 KB clusters"
https://newarkqualityroofing.com/what-nj-roofers-recommend-rubber-roofing-vs-tpo,articles,Knowledge base article,Article,,,KEEP-INDEX,,"Knowledge base article — keep; rewrite H-tags into questions, delete internal-SEO appendix, map to one of 6 KB clusters"
https://newarkqualityroofing.com/how-to-choose-cedar-shake-vs-wood-shingle-nj,articles,Knowledge base article,Article,,,KEEP-INDEX,,"Knowledge base article — keep; rewrite H-tags into questions, delete internal-SEO appendix, map to one of 6 KB clusters"
https://newarkqualityroofing.com/what-nj-roofers-recommend-cedar-shake-vs-wood-shingle,articles,Knowledge base article,Article,,,KEEP-INDEX,,"Knowledge base article — keep; rewrite H-tags into questions, delete internal-SEO appendix, map to one of 6 KB clusters"
https://newarkqualityroofing.com/how-to-choose-built-up-roofing-vs-modified-bitumen-nj,articles,Knowledge base article,Article,,,KEEP-INDEX,,"Knowledge base article — keep; rewrite H-tags into questions, delete internal-SEO appendix, map to one of 6 KB clusters"
https://newarkqualityroofing.com/what-nj-roofers-recommend-built-up-roofing-vs-modified-bitumen,articles,Knowledge base article,Article,,,KEEP-INDEX,,"Knowledge base article — keep; rewrite H-tags into questions, delete internal-SEO appendix, map to one of 6 KB clusters"
https://newarkqualityroofing.com/how-to-choose-spray-foam-vs-tpo-nj,articles,Knowledge base article,Article,,,KEEP-INDEX,,"Knowledge base article — keep; rewrite H-tags into questions, delete internal-SEO appendix, map to one of 6 KB clusters"
https://newarkqualityroofing.com/what-nj-roofers-recommend-spray-foam-vs-tpo,articles,Knowledge base article,Article,,,KEEP-INDEX,,"Knowledge base article — keep; rewrite H-tags into questions, delete internal-SEO appendix, map to one of 6 KB clusters"
https://newarkqualityroofing.com/how-to-choose-green-roof-vs-traditional-roofing-nj,articles,Knowledge base article,Article,,,KEEP-INDEX,,"Knowledge base article — keep; rewrite H-tags into questions, delete internal-SEO appendix, map to one of 6 KB clusters"
https://newarkqualityroofing.com/what-nj-roofers-recommend-green-roof-vs-traditional-roofing,articles,Knowledge base article,Article,,,KEEP-INDEX,,"Knowledge base article — keep; rewrite H-tags into questions, delete internal-SEO appendix, map to one of 6 KB clusters"
https://newarkqualityroofing.com/how-to-choose-solar-shingles-vs-solar-panels-nj,articles,Knowledge base article,Article,,,KEEP-INDEX,,"Knowledge base article — keep; rewrite H-tags into questions, delete internal-SEO appendix, map to one of 6 KB clusters"
https://newarkqualityroofing.com/what-nj-roofers-recommend-solar-shingles-vs-solar-panels,articles,Knowledge base article,Article,,,KEEP-INDEX,,"Knowledge base article — keep; rewrite H-tags into questions, delete internal-SEO appendix, map to one of 6 KB clusters"
https://newarkqualityroofing.com/how-to-choose-roof-repair-vs-replacement-nj,articles,Knowledge base article,Article,,,KEEP-INDEX,,"Knowledge base article — keep; rewrite H-tags into questions, delete internal-SEO appendix, map to one of 6 KB clusters"
https://newarkqualityroofing.com/what-nj-roofers-recommend-roof-repair-vs-replacement,articles,Knowledge base article,Article,,,KEEP-INDEX,,"Knowledge base article — keep; rewrite H-tags into questions, delete internal-SEO appendix, map to one of 6 KB clusters"
https://newarkqualityroofing.com/how-to-choose-roof-coating-vs-replacement-nj,articles,Knowledge base article,Article,,,KEEP-INDEX,,"Knowledge base article — keep; rewrite H-tags into questions, delete internal-SEO appendix, map to one of 6 KB clusters"
https://newarkqualityroofing.com/what-nj-roofers-recommend-roof-coating-vs-replacement,articles,Knowledge base article,Article,,,KEEP-INDEX,,"Knowledge base article — keep; rewrite H-tags into questions, delete internal-SEO appendix, map to one of 6 KB clusters"
https://newarkqualityroofing.com/how-to-choose-roof-overlay-vs-tear-off-nj,articles,Knowledge base article,Article,,,KEEP-INDEX,,"Knowledge base article — keep; rewrite H-tags into questions, delete internal-SEO appendix, map to one of 6 KB clusters"
https://newarkqualityroofing.com/what-nj-roofers-recommend-roof-overlay-vs-tear-off,articles,Knowledge base article,Article,,,KEEP-INDEX,,"Knowledge base article — keep; rewrite H-tags into questions, delete internal-SEO appendix, map to one of 6 KB clusters"
https://newarkqualityroofing.com/how-to-choose-patching-vs-full-roof-repair-nj,articles,Knowledge base article,Article,,,KEEP-INDEX,,"Knowledge base article — keep; rewrite H-tags into questions, delete internal-SEO appendix, map to one of 6 KB clusters"
https://newarkqualityroofing.com/what-nj-roofers-recommend-patching-vs-full-roof-repair,articles,Knowledge base article,Article,,,KEEP-INDEX,,"Knowledge base article — keep; rewrite H-tags into questions, delete internal-SEO appendix, map to one of 6 KB clusters"
https://newarkqualityroofing.com/how-to-choose-preventive-maintenance-vs-emergency-repair-nj,articles,Knowledge base article,Article,,,KEEP-INDEX,,"Knowledge base article — keep; rewrite H-tags into questions, delete internal-SEO appendix, map to one of 6 KB clusters"
https://newarkqualityroofing.com/what-nj-roofers-recommend-preventive-maintenance-vs-emergency-repair,articles,Knowledge base article,Article,,,KEEP-INDEX,,"Knowledge base article — keep; rewrite H-tags into questions, delete internal-SEO appendix, map to one of 6 KB clusters"
https://newarkqualityroofing.com/how-to-choose-best-roofing-material-nj-weather-nj,articles,Knowledge base article,Article,,,KEEP-INDEX,,"Knowledge base article — keep; rewrite H-tags into questions, delete internal-SEO appendix, map to one of 6 KB clusters"
https://newarkqualityroofing.com/what-nj-roofers-recommend-best-roofing-material-nj-weather,articles,Knowledge base article,Article,,,KEEP-INDEX,,"Knowledge base article — keep; rewrite H-tags into questions, delete internal-SEO appendix, map to one of 6 KB clusters"
https://newarkqualityroofing.com/how-to-choose-best-commercial-roofing-material-nj,articles,Knowledge base article,Article,,,KEEP-INDEX,,"Knowledge base article — keep; rewrite H-tags into questions, delete internal-SEO appendix, map to one of 6 KB clusters"
https://newarkqualityroofing.com/what-nj-roofers-recommend-best-commercial-roofing-material,articles,Knowledge base article,Article,,,KEEP-INDEX,,"Knowledge base article — keep; rewrite H-tags into questions, delete internal-SEO appendix, map to one of 6 KB clusters"
https://newarkqualityroofing.com/how-to-choose-best-roofing-for-flat-roofs-nj,articles,Knowledge base article,Article,,,KEEP-INDEX,,"Knowledge base article — keep; rewrite H-tags into questions, delete internal-SEO appendix, map to one of 6 KB clusters"
https://newarkqualityroofing.com/what-nj-roofers-recommend-best-roofing-for-flat-roofs,articles,Knowledge base article,Article,,,KEEP-INDEX,,"Knowledge base article — keep; rewrite H-tags into questions, delete internal-SEO appendix, map to one of 6 KB clusters"
https://newarkqualityroofing.com/how-to-choose-best-roofing-for-historic-homes-nj-nj,articles,Knowledge base article,Article,,,KEEP-INDEX,,"Knowledge base article — keep; rewrite H-tags into questions, delete internal-SEO appendix, map to one of 6 KB clusters"
https://newarkqualityroofing.com/what-nj-roofers-recommend-best-roofing-for-historic-homes-nj,articles,Knowledge base article,Article,,,KEEP-INDEX,,"Knowledge base article — keep; rewrite H-tags into questions, delete internal-SEO appendix, map to one of 6 KB clusters"
https://newarkqualityroofing.com/how-to-choose-cheapest-vs-most-durable-roofing-nj,articles,Knowledge base article,Article,,,KEEP-INDEX,,"Knowledge base article — keep; rewrite H-tags into questions, delete internal-SEO appendix, map to one of 6 KB clusters"
https://newarkqualityroofing.com/what-nj-roofers-recommend-cheapest-vs-most-durable-roofing,articles,Knowledge base article,Article,,,KEEP-INDEX,,"Knowledge base article — keep; rewrite H-tags into questions, delete internal-SEO appendix, map to one of 6 KB clusters"
https://newarkqualityroofing.com/how-to-choose-most-energy-efficient-roofing-materials-nj,articles,Knowledge base article,Article,,,KEEP-INDEX,,"Knowledge base article — keep; rewrite H-tags into questions, delete internal-SEO appendix, map to one of 6 KB clusters"
https://newarkqualityroofing.com/what-nj-roofers-recommend-most-energy-efficient-roofing-materials,articles,Knowledge base article,Article,,,KEEP-INDEX,,"Knowledge base article — keep; rewrite H-tags into questions, delete internal-SEO appendix, map to one of 6 KB clusters"
https://newarkqualityroofing.com/how-to-choose-architectural-vs-3-tab-shingles-nj,articles,Knowledge base article,Article,,,KEEP-INDEX,,"Knowledge base article — keep; rewrite H-tags into questions, delete internal-SEO appendix, map to one of 6 KB clusters"
https://newarkqualityroofing.com/what-nj-roofers-recommend-architectural-vs-3-tab-shingles,articles,Knowledge base article,Article,,,KEEP-INDEX,,"Knowledge base article — keep; rewrite H-tags into questions, delete internal-SEO appendix, map to one of 6 KB clusters"
https://newarkqualityroofing.com/how-to-choose-diy-vs-professional-roof-repair-nj,articles,Knowledge base article,Article,,,KEEP-INDEX,,"Knowledge base article — keep; rewrite H-tags into questions, delete internal-SEO appendix, map to one of 6 KB clusters"
https://newarkqualityroofing.com/what-nj-roofers-recommend-diy-vs-professional-roof-repair,articles,Knowledge base article,Article,,,KEEP-INDEX,,"Knowledge base article — keep; rewrite H-tags into questions, delete internal-SEO appendix, map to one of 6 KB clusters"
https://newarkqualityroofing.com/how-to-choose-best-roofing-for-essex-county-colonial-homes-nj,articles,Knowledge base article,Article,,,KEEP-INDEX,,"Knowledge base article — keep; rewrite H-tags into questions, delete internal-SEO appendix, map to one of 6 KB clusters"
https://newarkqualityroofing.com/what-nj-roofers-recommend-best-roofing-for-essex-county-colonial-homes,articles,Knowledge base article,Article,,,KEEP-INDEX,,"Knowledge base article — keep; rewrite H-tags into questions, delete internal-SEO appendix, map to one of 6 KB clusters"
https://newarkqualityroofing.com/how-to-choose-roof-warranty-comparison-guide-nj,articles,Knowledge base article,Article,,,KEEP-INDEX,,"Knowledge base article — keep; rewrite H-tags into questions, delete internal-SEO appendix, map to one of 6 KB clusters"
https://newarkqualityroofing.com/what-nj-roofers-recommend-roof-warranty-comparison-guide,articles,Knowledge base article,Article,,,KEEP-INDEX,,"Knowledge base article — keep; rewrite H-tags into questions, delete internal-SEO appendix, map to one of 6 KB clusters"
https://newarkqualityroofing.com/complete-nj-roofing-guide-homeowners,articles,Knowledge base article,Article,,,KEEP-INDEX,,"Knowledge base article — keep; rewrite H-tags into questions, delete internal-SEO appendix, map to one of 6 KB clusters"
https://newarkqualityroofing.com/finding-reliable-roofer-essex-county-nj,articles,Knowledge base article,Article,,,KEEP-INDEX,,"Knowledge base article — keep; rewrite H-tags into questions, delete internal-SEO appendix, map to one of 6 KB clusters"
https://newarkqualityroofing.com/nj-roofing-licensing-insurance-guide,articles,Knowledge base article,Article,,,KEEP-INDEX,,"Knowledge base article — keep; rewrite H-tags into questions, delete internal-SEO appendix, map to one of 6 KB clusters"
